ActivityType,TypeAnchorVenue,InDate,OutDate,ObjectId
Filming - Low Impact,Level A Sportsfield,5/08/2016,5/08/2016,1
Filming - Low Impact,Civic Space Outdoor,14/01/2016,14/01/2016,2
Filming - High Impact,Iconic Park,21/07/2015,22/07/2015,3
Filming - High Impact,Suburb,28/02/2017,28/02/2017,4
Filming - Low Impact,Suburb,25/05/2016,26/05/2016,5
Filming - Low Impact,Suburb,24/03/2016,24/03/2016,6
Filming - Low Impact,Suburb,11/09/2015,11/09/2015,7
Filming - Low Impact,Suburb,5/08/2016,5/08/2016,8
Filming - Low Impact,Suburb,8/08/2016,10/08/2016,9
Filming - Low Impact,Iconic Park,16/08/2016,16/08/2016,10
Filming - Low Impact,Suburb,18/08/2016,18/08/2016,11
Filming - Low Impact,Suburb,18/08/2016,18/08/2016,12
Filming - Low Impact,Suburb,16/08/2016,16/08/2016,13
Filming - Low Impact,Suburb,17/08/2016,19/08/2016,14
Filming - Low Impact,Civic Space Outdoor,24/08/2016,24/08/2016,15
Filming - Low Impact,Iconic Park,23/08/2016,23/08/2016,16
Filming - Low Impact,Suburb,30/08/2016,31/08/2016,17
Filming - Low Impact,Suburb,25/08/2016,25/08/2016,18
Filming - Low Impact,Major Street,27/08/2016,27/08/2016,19
Filming - Low Impact,Iconic Park,29/08/2016,29/08/2016,20
Filming - Low Impact,Iconic Park,30/08/2016,31/08/2016,21
Filming - Low Impact,Major Street,27/09/2016,28/09/2016,22
Filming - Low Impact,Major Street,3/09/2016,3/09/2016,23
Filming - Low Impact,Iconic Park,12/09/2016,12/09/2016,24
Filming - Low Impact,Civic Space Outdoor,6/09/2016,6/09/2016,25
Filming - Low Impact,Suburb,8/09/2016,8/09/2016,26
Filming - Low Impact,Suburb,11/09/2016,11/09/2016,27
Filming - Low Impact,Suburb,14/09/2016,14/09/2016,28
Filming - Low Impact,Major Street,14/09/2016,14/09/2016,29
Filming - Low Impact,Iconic Park,15/09/2016,15/09/2016,30
Filming - Low Impact,Suburb,15/09/2016,15/09/2016,31
Filming - Low Impact,Major Street,15/09/2016,15/09/2016,32
Filming - Low Impact,Iconic Park,19/09/2016,19/09/2016,33
Filming - Low Impact,Suburb,23/09/2016,23/09/2016,34
Filming - Low Impact,Suburb,23/09/2016,23/09/2016,35
Filming - Low Impact,Iconic Park,23/09/2016,23/09/2016,36
Filming - Low Impact,Major Street,26/09/2016,26/09/2016,37
Filming - Low Impact,Suburb,26/09/2016,27/09/2016,38
Filming - Low Impact,Minor Street,25/09/2016,25/09/2016,39
Filming - Low Impact,Major Street,24/09/2016,24/09/2016,40
Filming - Low Impact,Suburb,27/09/2016,29/09/2016,41
Filming - Low Impact,Major Street,26/09/2016,26/09/2016,42
Filming - Low Impact,Major Street,28/09/2016,28/09/2016,43
Filming - Low Impact,Iconic Park,29/09/2016,29/09/2016,44
Filming - Low Impact,Iconic Park,30/09/2016,30/09/2016,45
Filming - Low Impact,Suburb,30/09/2016,30/09/2016,46
Filming - Low Impact,Suburb,4/10/2016,4/10/2016,47
Filming - Low Impact,Suburb,21/10/2016,21/10/2016,48
Filming - Low Impact,Iconic Park,26/10/2016,26/10/2016,49
Filming - Low Impact,Neighbourhood Park,27/10/2016,27/10/2016,50
Filming - High Impact,Suburb,17/07/2015,18/07/2015,51
Filming - High Impact,Suburb,8/02/2019,12/02/2019,52
Filming - Low Impact,Suburb,15/09/2015,15/09/2015,53
Filming - Low Impact,Major Street,29/10/2016,29/10/2016,54
Filming - Low Impact,Iconic Park,27/05/2016,27/05/2016,55
Filming - High Impact,Suburb,28/02/2017,8/03/2017,56
Filming - High Impact,Suburb,29/07/2015,29/07/2015,57
Filming - High Impact,Suburb,3/03/2019,6/03/2019,58
Filming - Low Impact,Suburb,29/10/2016,30/10/2016,59
Filming - Low Impact,Iconic Park,16/09/2015,16/09/2015,60
Filming - Low Impact,Suburb,28/05/2016,28/05/2016,61
Filming - High Impact,Suburb,31/03/2017,31/03/2017,62
Filming - High Impact,Suburb,7/08/2015,7/08/2015,63
Filming - Low Impact,Major Street,14/01/2016,14/01/2016,64
Filming - High Impact,Suburb,11/03/2019,12/03/2019,65
Filming - Low Impact,Civic Space Outdoor,19/10/2015,19/10/2015,66
Filming - Low Impact,Suburb,29/10/2016,29/10/2016,67
Filming - High Impact,Major Street,22/04/2017,23/04/2017,68
Filming - Low Impact,Suburb,8/06/2016,8/06/2016,69
Filming - High Impact,Suburb,11/08/2015,11/08/2015,70
Filming - High Impact,Civic Space Outdoor,11/05/2017,13/05/2017,71
Filming - Low Impact,Iconic Park,2/06/2016,2/06/2016,72
Filming - Low Impact,Major Street,24/09/2015,24/09/2015,73
Filming - High Impact,Suburb,13/03/2019,25/03/2019,74
Filming - Low Impact,Major Street,3/11/2016,3/11/2016,75
Filming - Low Impact,Suburb,24/03/2016,24/03/2016,76
Filming - Low Impact,Iconic Park,14/01/2016,14/01/2016,77
Filming - High Impact,Major Street,22/08/2015,22/08/2015,78
Filming - Low Impact,Iconic Park,8/06/2016,8/06/2016,79
Filming - Low Impact,Iconic Park,4/11/2016,4/11/2016,80
Filming - Low Impact,Neighbourhood Park,3/10/2015,10/10/2015,81
Filming - Low Impact,Suburb,15/01/2016,15/01/2016,82
Filming - Low Impact,Iconic Park,24/03/2016,24/03/2016,83
Filming - High Impact,Suburb,3/05/2017,3/05/2017,84
Filming - Low Impact,Iconic Park,16/06/2016,16/06/2016,85
Filming - High Impact,Major Street,13/09/2015,13/09/2015,86
Filming - Low Impact,Pocket Park,5/11/2016,5/11/2016,87
Filming - Low Impact,Suburb,28/09/2015,28/09/2015,88
Filming - Low Impact,Suburb,18/01/2016,18/01/2016,89
Filming - Low Impact,Suburb,29/03/2016,29/03/2016,90
Filming - High Impact,Suburb,6/06/2017,6/06/2017,91
Filming - High Impact,Suburb,18/03/2019,19/03/2019,92
Filming - High Impact,Civic Space Outdoor,7/09/2015,9/09/2015,93
Filming - Low Impact,Major Street,28/06/2016,28/06/2016,94
Filming - Low Impact,Suburb,29/09/2015,14/10/2015,95
Filming - Low Impact,Iconic Park,19/01/2016,19/01/2016,96
Filming - Low Impact,Suburb,29/03/2016,29/03/2016,97
Filming - Low Impact,Suburb,1/04/2016,5/04/2016,98
Filming - Low Impact,Major Street,1/04/2016,1/04/2016,99
Filming - Low Impact,Iconic Park,1/04/2016,1/04/2016,100
Filming - Low Impact,Iconic Park,2/04/2016,3/04/2016,101
Filming - Low Impact,Iconic Park,5/04/2016,5/04/2016,102
Filming - Low Impact,Civic Space Outdoor,6/04/2016,6/04/2016,103
Filming - Low Impact,Suburb,6/04/2016,6/04/2016,104
Filming - Low Impact,Iconic Park,7/04/2016,7/04/2016,105
Filming - Low Impact,Civic Space Outdoor,7/04/2016,7/04/2016,106
Filming - Low Impact,Civic Space Outdoor,8/04/2016,8/04/2016,107
Filming - Low Impact,Suburb,8/04/2016,8/04/2016,108
Filming - Low Impact,Suburb,8/04/2016,8/04/2016,109
Filming - Low Impact,Major Street,11/04/2016,11/04/2016,110
Filming - Low Impact,Civic Space Outdoor,13/04/2016,13/04/2016,111
Filming - Low Impact,Iconic Park,8/04/2016,8/04/2016,112
Filming - Low Impact,Major Street,12/04/2016,12/04/2016,113
Filming - Low Impact,Neighbourhood Park,22/04/2016,22/04/2016,114
Filming - Low Impact,Suburb,14/04/2016,14/04/2016,115
Filming - Low Impact,Iconic Park,15/04/2016,15/04/2016,116
Filming - Low Impact,Suburb,16/04/2016,16/04/2016,117
Filming - Low Impact,Iconic Park,18/04/2016,19/04/2016,118
Filming - Low Impact,Suburb,21/04/2016,22/04/2016,119
Filming - Low Impact,Iconic Park,21/04/2016,21/04/2016,120
Filming - Low Impact,Minor Street,22/04/2016,22/04/2016,121
Filming - Low Impact,Iconic Park,29/04/2016,29/04/2016,122
Filming - Low Impact,Suburb,30/04/2016,30/04/2016,123
Filming - Low Impact,Civic Space Outdoor,2/05/2016,2/05/2016,124
Filming - Low Impact,Suburb,2/05/2016,2/05/2016,125
Filming - Low Impact,Suburb,2/05/2016,2/05/2016,126
Filming - Low Impact,Civic Space Outdoor,3/05/2016,3/05/2016,127
Filming - Low Impact,Minor Street,7/05/2016,7/05/2016,128
Filming - Low Impact,Civic Space Outdoor,9/05/2016,9/05/2016,129
Filming - Low Impact,Civic Space Outdoor,7/05/2016,7/05/2016,130
Filming - Low Impact,Neighbourhood Park,9/05/2016,9/05/2016,131
Filming - Low Impact,Suburb,9/05/2016,11/05/2016,132
Filming - Low Impact,Suburb,12/05/2016,12/05/2016,133
Filming - Low Impact,Suburb,12/05/2016,17/05/2016,134
Filming - Low Impact,Iconic Park,13/05/2016,13/05/2016,135
Filming - Low Impact,Major Street,12/05/2016,16/05/2016,136
Filming - Low Impact,Iconic Park,17/05/2016,18/05/2016,137
Filming - Low Impact,Suburb,16/05/2016,16/05/2016,138
Filming - Low Impact,Suburb,19/05/2016,20/05/2016,139
Filming - Low Impact,Iconic Park,20/05/2016,20/05/2016,140
Filming - Low Impact,Iconic Park,20/05/2016,20/05/2016,141
Filming - Low Impact,Suburb,25/05/2016,28/05/2016,142
Filming - High Impact,Iconic Park,25/04/2019,25/04/2019,143
Filming - High Impact,Iconic Park,13/12/2015,13/12/2015,144
Filming - Low Impact,Suburb,6/07/2015,10/07/2015,145
Filming - High Impact,Level B Sportsfield,21/12/2015,22/12/2015,146
Filming - Low Impact,Civic Space Outdoor,19/01/2016,24/01/2016,147
Filming - Low Impact,Civic Space Outdoor,9/07/2015,9/07/2015,148
Filming - Low Impact,Suburb,14/06/2016,14/06/2016,149
Filming - High Impact,Minor Street,8/01/2016,10/01/2016,150
Filming - Low Impact,Suburb,19/01/2016,19/01/2016,151
Filming - Low Impact,Iconic Park,13/07/2015,13/07/2015,152
Filming - Low Impact,Major Street,11/06/2016,11/06/2016,153
Filming - High Impact,Civic Space Outdoor,13/01/2016,13/01/2016,154
Filming - High Impact,Civic Space Outdoor,10/03/2016,13/03/2016,155
Filming - High Impact,Civic Space Outdoor,21/03/2016,23/03/2016,156
Filming - High Impact,Major Street,24/03/2016,24/03/2016,157
Filming - High Impact,Suburb,3/04/2016,3/04/2016,158
Filming - High Impact,Suburb,12/04/2016,13/04/2016,159
Filming - High Impact,Suburb,14/04/2016,16/04/2016,160
Filming - High Impact,Suburb,20/04/2016,22/04/2016,161
Filming - High Impact,Suburb,26/04/2016,2/05/2016,162
Filming - High Impact,Suburb,3/05/2016,3/05/2016,163
Filming - High Impact,Neighbourhood Park,4/05/2016,4/05/2016,164
Filming - High Impact,Major Street,4/05/2016,6/05/2016,165
Filming - High Impact,Minor Street,2/06/2016,3/06/2016,166
Filming - High Impact,Major Street,10/06/2016,17/06/2016,167
Filming - High Impact,Major Street,6/06/2016,13/06/2016,168
Filming - High Impact,Major Street,5/06/2016,6/06/2016,169
Filming - High Impact,Suburb,21/06/2016,23/06/2016,170
Filming - High Impact,Minor Street,24/06/2016,26/06/2016,171
Filming - High Impact,Suburb,30/06/2016,1/07/2016,172
Filming - High Impact,Suburb,28/06/2016,29/06/2016,173
Filming - High Impact,Suburb,18/07/2016,23/07/2016,174
Filming - High Impact,Suburb,5/07/2016,7/07/2016,175
Filming - High Impact,Minor Street,19/07/2016,19/07/2016,176
Filming - High Impact,Suburb,20/07/2016,21/07/2016,177
Filming - High Impact,Suburb,23/07/2016,23/07/2016,178
Filming - High Impact,Suburb,25/07/2016,27/07/2016,179
Filming - High Impact,Civic Space Outdoor,29/07/2016,31/07/2016,180
Filming - High Impact,Suburb,8/08/2016,9/08/2016,181
Filming - High Impact,Suburb,10/08/2016,21/08/2016,182
Filming - High Impact,Suburb,7/10/2016,11/10/2016,183
Filming - High Impact,Suburb,10/10/2016,11/10/2016,184
Filming - High Impact,Suburb,24/10/2016,24/10/2016,185
Filming - High Impact,Suburb,25/10/2016,25/10/2016,186
Filming - High Impact,Minor Street,27/01/2017,29/01/2017,187
Filming - High Impact,Suburb,30/01/2017,1/02/2017,188
Filming - High Impact,Suburb,6/02/2017,10/02/2017,189
Filming - High Impact,Suburb,3/02/2017,5/02/2017,190
Filming - High Impact,Suburb,6/02/2017,6/02/2017,191
Filming - High Impact,Iconic Park,23/02/2017,23/02/2017,192
Filming - High Impact,Suburb,13/06/2017,13/06/2017,193
Filming - Low Impact,Suburb,29/09/2016,29/09/2016,194
Filming - Low Impact,Suburb,22/01/2016,22/01/2016,195
Filming - Low Impact,Minor Street,24/01/2016,24/01/2016,196
Filming - Low Impact,Iconic Park,27/01/2016,27/01/2016,197
Filming - Low Impact,Suburb,29/01/2016,29/01/2016,198
Filming - Low Impact,Iconic Park,29/01/2016,31/01/2016,199
Filming - Low Impact,Major Street,30/01/2016,30/01/2016,200
Filming - Low Impact,Major Street,30/01/2016,30/01/2016,201
Filming - Low Impact,Suburb,1/02/2016,1/02/2016,202
Filming - Low Impact,Major Street,3/02/2016,4/02/2016,203
Filming - Low Impact,Suburb,5/02/2016,5/02/2016,204
Filming - Low Impact,Suburb,5/02/2016,5/02/2016,205
Filming - Low Impact,Minor Street,5/02/2016,5/02/2016,206
Filming - Low Impact,Suburb,5/02/2016,5/02/2016,207
Filming - Low Impact,Minor Street,6/02/2016,6/02/2016,208
Filming - Low Impact,Suburb,8/02/2016,8/02/2016,209
Filming - Low Impact,Suburb,14/02/2016,14/02/2016,210
Filming - Low Impact,Suburb,14/07/2015,14/07/2015,211
Filming - Low Impact,Iconic Park,11/02/2016,12/02/2016,212
Filming - Low Impact,Major Street,15/07/2015,15/07/2015,213
Filming - Low Impact,Suburb,12/02/2016,12/02/2016,214
Filming - Low Impact,Suburb,12/02/2016,12/02/2016,215
Filming - Low Impact,Civic Space Outdoor,20/02/2016,20/02/2016,216
Filming - Low Impact,Suburb,17/02/2016,17/02/2016,217
Filming - Low Impact,Suburb,17/02/2016,17/02/2016,218
Filming - Low Impact,Major Street,19/02/2016,13/03/2016,219
Filming - Low Impact,Suburb,19/02/2016,19/02/2016,220
Filming - High Impact,Iconic Park,30/06/2017,30/06/2017,221
Filming - Low Impact,Major Street,25/02/2016,25/02/2016,222
Filming - Low Impact,Iconic Park,26/02/2016,26/02/2016,223
Filming - Low Impact,Iconic Park,29/02/2016,29/02/2016,224
Filming - Low Impact,Civic Space Outdoor,1/03/2016,1/03/2016,225
Filming - Low Impact,Civic Space Outdoor,3/03/2016,3/03/2016,226
Filming - Low Impact,Major Street,3/03/2016,17/03/2016,227
Filming - Low Impact,Iconic Park,3/03/2016,3/03/2016,228
Filming - Low Impact,Suburb,4/03/2016,14/03/2016,229
Filming - Low Impact,Minor Street,5/03/2016,5/03/2016,230
Filming - Low Impact,Civic Space Outdoor,5/03/2016,6/03/2016,231
Filming - Low Impact,Neighbourhood Park,16/03/2016,17/03/2016,232
Filming - Low Impact,Suburb,11/03/2016,14/03/2016,233
Filming - Low Impact,Major Street,15/03/2016,15/03/2016,234
Filming - Low Impact,Suburb,16/03/2016,18/03/2016,235
Filming - Low Impact,Iconic Park,18/03/2016,19/03/2016,236
Filming - Low Impact,Suburb,19/03/2016,19/03/2016,237
Filming - Low Impact,Iconic Park,20/03/2016,20/03/2016,238
Filming - Low Impact,Suburb,24/03/2016,24/03/2016,239
Filming - Low Impact,Neighbourhood Park,2/10/2015,2/10/2015,240
Filming - Low Impact,Suburb,14/06/2016,14/06/2016,241
Filming - Low Impact,Suburb,16/06/2016,16/06/2016,242
Filming - Low Impact,Iconic Park,24/08/2016,29/08/2016,243
Filming - Low Impact,Suburb,11/06/2016,24/06/2016,244
Filming - Low Impact,Suburb,18/06/2016,18/06/2016,245
Filming - Low Impact,Suburb,18/06/2016,10/09/2016,246
Filming - Low Impact,Major Street,20/06/2016,20/06/2016,247
Filming - Low Impact,Suburb,28/06/2016,28/06/2016,248
Filming - Low Impact,Suburb,24/06/2016,25/06/2016,249
Filming - Low Impact,Suburb,26/06/2016,26/06/2016,250
Filming - Low Impact,Suburb,27/06/2016,27/06/2016,251
Filming - Low Impact,Minor Street,20/07/2015,20/07/2015,252
Filming - Low Impact,Minor Street,27/06/2016,28/06/2016,253
Filming - Low Impact,Civic Space Outdoor,21/07/2015,21/07/2015,254
Filming - Low Impact,Suburb,1/07/2016,1/07/2016,255
Filming - Low Impact,Civic Space Outdoor,20/07/2015,27/07/2015,256
Filming - Low Impact,Major Street,29/06/2016,29/06/2016,257
Filming - Low Impact,Major Street,27/07/2015,27/07/2015,258
Filming - Low Impact,Suburb,3/07/2016,3/07/2016,259
Filming - Low Impact,Suburb,12/10/2015,26/10/2015,260
Filming - Low Impact,Major Street,24/07/2015,24/07/2015,261
Filming - High Impact,Suburb,26/06/2017,28/06/2017,262
Filming - Low Impact,Iconic Park,2/07/2016,2/07/2016,263
Filming - Low Impact,Suburb,12/10/2015,14/10/2015,264
Filming - Low Impact,Suburb,27/07/2015,29/07/2015,265
Filming - High Impact,Suburb,29/06/2017,29/06/2017,266
Filming - Low Impact,Suburb,5/07/2016,5/07/2016,267
Filming - Low Impact,Suburb,26/10/2015,26/10/2015,268
Filming - Low Impact,Civic Space Outdoor,10/08/2015,10/08/2015,269
Filming - High Impact,Suburb,26/07/2017,27/07/2017,270
Filming - Low Impact,Iconic Park,29/06/2016,30/06/2016,271
Filming - Low Impact,Iconic Park,26/10/2015,26/10/2015,272
Filming - Low Impact,Suburb,30/07/2015,30/07/2015,273
Filming - High Impact,Suburb,5/08/2017,8/08/2017,274
Filming - Low Impact,Suburb,6/07/2016,7/07/2016,275
Filming - Low Impact,Suburb,5/07/2016,5/07/2016,276
Filming - Low Impact,Suburb,11/07/2016,13/07/2016,277
Filming - Low Impact,Suburb,20/07/2016,20/07/2016,278
Filming - Low Impact,Major Street,4/07/2016,4/07/2016,279
Filming - Low Impact,Suburb,8/07/2016,19/07/2016,280
Filming - Low Impact,Civic Space Outdoor,18/07/2016,18/07/2016,281
Filming - Low Impact,Iconic Park,12/07/2016,12/07/2016,282
Filming - Low Impact,Suburb,24/07/2016,26/07/2016,283
Filming - Low Impact,Minor Street,18/07/2016,18/07/2016,284
Filming - Low Impact,Major Street,17/07/2016,18/07/2016,285
Filming - Low Impact,Suburb,18/07/2016,18/07/2016,286
Filming - Low Impact,Suburb,25/07/2016,25/07/2016,287
Filming - Low Impact,Suburb,23/07/2016,23/07/2016,288
Filming - Low Impact,Suburb,27/07/2016,27/07/2016,289
Filming - Low Impact,Suburb,27/07/2016,28/07/2016,290
Filming - Low Impact,Iconic Park,29/07/2016,29/07/2016,291
Filming - Low Impact,Major Street,1/08/2016,1/08/2016,292
Filming - Low Impact,Suburb,30/07/2016,31/07/2016,293
Filming - Low Impact,Iconic Park,13/08/2016,13/08/2016,294
Filming - Low Impact,Iconic Park,8/08/2016,8/08/2016,295
Filming - Low Impact,Iconic Park,22/08/2016,22/08/2016,296
Filming - High Impact,Suburb,3/08/2017,6/08/2017,297
Filming - High Impact,Suburb,9/08/2017,10/08/2017,298
Filming - High Impact,Suburb,12/08/2017,12/08/2017,299
Filming - High Impact,Suburb,15/08/2017,15/08/2017,300
Filming - Low Impact,Major Street,3/08/2015,3/08/2015,301
Filming - High Impact,Suburb,14/08/2017,18/08/2017,302
Filming - Low Impact,Suburb,27/10/2015,28/10/2015,303
Filming - Low Impact,Major Street,31/07/2015,31/07/2015,304
Filming - High Impact,Suburb,21/08/2017,21/08/2017,305
Filming - Low Impact,Suburb,29/10/2015,4/11/2015,306
Filming - Low Impact,Suburb,3/08/2015,3/08/2015,307
Filming - High Impact,Suburb,28/08/2017,29/08/2017,308
Filming - Low Impact,Minor Street,29/10/2015,29/10/2015,309
Filming - Low Impact,Neighbourhood Park,3/08/2015,3/08/2015,310
Filming - High Impact,Suburb,30/08/2017,31/08/2017,311
Filming - Low Impact,Suburb,8/11/2015,14/11/2015,312
Filming - Low Impact,Suburb,7/08/2015,7/08/2015,313
Filming - High Impact,Suburb,1/09/2017,7/09/2017,314
Filming - Low Impact,Suburb,4/11/2015,4/11/2015,315
Filming - Low Impact,Suburb,7/08/2015,7/08/2015,316
Filming - High Impact,Suburb,5/09/2017,7/09/2017,317
Filming - Low Impact,Suburb,5/11/2015,5/11/2015,318
Filming - Low Impact,Suburb,11/08/2015,11/08/2015,319
Filming - High Impact,Suburb,10/09/2017,10/09/2017,320
Filming - Low Impact,Iconic Park,6/11/2015,6/11/2015,321
Filming - Low Impact,Suburb,12/08/2015,12/08/2015,322
Filming - High Impact,Suburb,13/09/2017,26/09/2017,323
Filming - Low Impact,Iconic Park,5/11/2015,5/11/2015,324
Filming - Low Impact,Suburb,13/08/2015,13/08/2015,325
Filming - High Impact,Major Street,28/10/2017,3/11/2017,326
Filming - Low Impact,Iconic Park,6/11/2015,6/11/2015,327
Filming - Low Impact,Major Street,13/08/2015,13/08/2015,328
Filming - High Impact,Suburb,27/09/2017,27/09/2017,329
Filming - Low Impact,Minor Street,6/11/2015,6/11/2015,330
Filming - Low Impact,Major Street,16/08/2015,17/08/2015,331
Filming - High Impact,Suburb,26/10/2017,28/10/2017,332
Filming - Low Impact,Iconic Park,20/11/2015,22/11/2015,333
Filming - Low Impact,Major Street,17/08/2015,21/08/2015,334
Filming - High Impact,Minor Street,26/10/2017,26/10/2017,335
Filming - High Impact,Suburb,1/12/2017,1/12/2017,336
Filming - High Impact,Suburb,9/12/2017,9/12/2017,337
Filming - High Impact,Iconic Park,19/03/2018,19/03/2018,338
Filming - High Impact,Iconic Park,20/03/2018,22/03/2018,339
Filming - High Impact,Suburb,23/03/2018,23/03/2018,340
Filming - High Impact,Iconic Park,25/04/2018,25/04/2018,341
Filming - High Impact,Suburb,7/05/2018,11/05/2018,342
Filming - High Impact,Iconic Park,5/06/2018,6/06/2018,343
Filming - High Impact,Suburb,11/06/2018,12/06/2018,344
Filming - High Impact,Suburb,28/06/2018,2/07/2018,345
Filming - High Impact,Major Street,28/07/2018,29/07/2018,346
Filming - High Impact,Civic Space Outdoor,27/09/2018,29/09/2018,347
Filming - High Impact,Minor Street,13/10/2018,13/10/2018,348
Filming - High Impact,Major Street,10/11/2018,10/11/2018,349
Filming - High Impact,Suburb,22/10/2018,25/10/2018,350
Filming - High Impact,Suburb,3/11/2018,3/11/2018,351
Filming - High Impact,Suburb,31/10/2018,3/11/2018,352
Filming - High Impact,Suburb,12/11/2018,13/11/2018,353
Filming - High Impact,Major Street,8/12/2018,15/12/2018,354
Filming - High Impact,Minor Street,1/03/2019,2/03/2019,355
Filming - High Impact,Minor Street,4/02/2019,6/02/2019,356
Filming - Low Impact,Suburb,17/08/2015,21/08/2015,357
Filming - Low Impact,Suburb,18/08/2015,19/08/2015,358
Filming - Low Impact,Suburb,18/08/2015,19/08/2015,359
Filming - Low Impact,Suburb,19/08/2015,19/08/2015,360
Filming - Low Impact,Minor Street,19/08/2015,19/08/2015,361
Filming - Low Impact,Minor Street,22/08/2015,22/08/2015,362
Filming - Low Impact,Suburb,22/08/2015,22/08/2015,363
Filming - Low Impact,Iconic Park,16/11/2015,17/11/2015,364
Filming - Low Impact,Iconic Park,7/09/2015,7/09/2015,365
Filming - Low Impact,Iconic Park,18/11/2015,18/11/2015,366
Filming - Low Impact,Suburb,29/08/2015,29/08/2015,367
Filming - Low Impact,Minor Street,13/11/2015,14/11/2015,368
Filming - Low Impact,Iconic Park,29/08/2015,29/08/2015,369
Filming - Low Impact,Civic Space Outdoor,16/11/2015,16/11/2015,370
Filming - Low Impact,Civic Space Outdoor,31/08/2015,31/08/2015,371
Filming - Low Impact,Suburb,17/11/2015,17/11/2015,372
Filming - Low Impact,Major Street,2/09/2015,2/09/2015,373
Filming - Low Impact,Iconic Park,25/11/2015,25/11/2015,374
Filming - Low Impact,Major Street,3/09/2015,3/09/2015,375
Filming - Low Impact,Iconic Park,27/11/2015,27/11/2015,376
Filming - Low Impact,Iconic Park,4/09/2015,4/09/2015,377
Filming - Low Impact,Suburb,28/11/2015,28/11/2015,378
Filming - Low Impact,Major Street,7/09/2015,7/09/2015,379
Filming - Low Impact,Major Street,1/12/2015,1/12/2015,380
Filming - Low Impact,Iconic Park,8/09/2015,8/09/2015,381
Filming - Low Impact,Iconic Park,1/12/2015,1/12/2015,382
Filming - Low Impact,Iconic Park,9/09/2015,9/09/2015,383
Filming - Low Impact,Iconic Park,3/12/2015,3/12/2015,384
Filming - Low Impact,Major Street,12/09/2015,12/09/2015,385
Filming - Low Impact,Iconic Park,4/12/2015,5/12/2015,386
Filming - Low Impact,Major Street,11/09/2015,11/09/2015,387
Filming - Low Impact,Suburb,4/12/2015,4/12/2015,388
Filming - Low Impact,Major Street,5/12/2015,7/02/2016,389
Filming - Low Impact,Suburb,7/12/2015,7/12/2015,390
Filming - Low Impact,Suburb,9/12/2015,9/12/2015,391
Filming - Low Impact,Suburb,10/12/2015,10/12/2015,392
Filming - Low Impact,Suburb,11/12/2015,11/12/2015,393
Filming - Low Impact,Suburb,13/12/2015,13/12/2015,394
Filming - Low Impact,Suburb,14/12/2015,14/12/2015,395
Filming - Low Impact,Suburb,14/12/2015,16/12/2015,396
Filming - Low Impact,Major Street,13/12/2015,13/12/2015,397
Filming - Low Impact,Suburb,4/01/2016,4/01/2016,398
Filming - Low Impact,Major Street,4/01/2016,10/01/2016,399
Filming - Low Impact,Major Street,9/01/2016,9/01/2016,400
Filming - Low Impact,Iconic Park,16/12/2017,16/12/2017,401
Filming - Low Impact,Iconic Park,8/12/2017,8/12/2017,402
Filming - Low Impact,Civic Space Outdoor,5/12/2017,5/12/2017,403
Filming - Low Impact,Suburb,27/11/2017,27/11/2017,404
Filming - Low Impact,Civic Space Outdoor,27/11/2017,29/11/2017,405
Filming - Low Impact,Suburb,24/11/2017,24/11/2017,406
Filming - Low Impact,Iconic Park,26/11/2017,27/11/2017,407
Filming - Low Impact,Suburb,24/11/2017,24/11/2017,408
Filming - Low Impact,Iconic Park,28/11/2017,29/11/2017,409
Filming - Low Impact,Suburb,5/12/2017,6/12/2017,410
Filming - Low Impact,Suburb,4/12/2017,4/12/2017,411
Filming - Low Impact,Major Street,28/11/2017,28/11/2017,412
Filming - Low Impact,Suburb,1/12/2017,1/12/2017,413
Filming - Low Impact,Suburb,2/12/2017,2/12/2017,414
Filming - Low Impact,Suburb,4/12/2017,8/12/2017,415
Filming - Low Impact,Iconic Park,5/12/2017,7/12/2017,416
Filming - Low Impact,Suburb,20/12/2017,20/12/2017,417
Filming - Low Impact,,7/12/2017,8/12/2017,418
Filming - Low Impact,Suburb,5/12/2017,5/12/2017,419
Filming - Low Impact,Suburb,5/12/2017,5/12/2017,420
Filming - Low Impact,Civic Space Outdoor,2/12/2017,2/12/2017,421
Filming - Low Impact,Major Street,2/12/2017,2/12/2017,422
Filming - Low Impact,Suburb,6/12/2017,6/12/2017,423
Filming - Low Impact,Major Street,8/12/2017,8/12/2017,424
Filming - Low Impact,Suburb,8/12/2017,8/12/2017,425
Filming - Low Impact,Suburb,13/12/2017,14/12/2017,426
Filming - Low Impact,Suburb,14/12/2017,14/12/2017,427
Filming - Low Impact,Pocket Park,12/12/2017,15/12/2017,428
Filming - Low Impact,Civic Space Outdoor,11/12/2017,11/12/2017,429
Filming - Low Impact,,13/12/2017,14/12/2017,430
Filming - Low Impact,Major Street,13/12/2017,13/12/2017,431
Filming - Low Impact,Iconic Park,17/12/2017,17/12/2017,432
Filming - Low Impact,Major Street,15/12/2017,15/12/2017,433
Filming - Low Impact,Civic Space Outdoor,19/12/2017,20/12/2017,434
Filming - Low Impact,Suburb,21/12/2017,22/12/2017,435
Filming - Low Impact,Suburb,9/01/2018,12/01/2018,436
Filming - Low Impact,Iconic Park,21/01/2018,21/01/2018,437
Filming - Low Impact,Iconic Park,17/01/2018,17/01/2018,438
Filming - Low Impact,Iconic Park,10/01/2018,10/01/2018,439
Filming - Low Impact,Iconic Park,14/02/2018,15/02/2018,440
Filming - Low Impact,Major Street,16/01/2018,16/01/2018,441
Filming - Low Impact,Suburb,16/01/2018,16/01/2018,442
Filming - Low Impact,Iconic Park,18/01/2018,18/01/2018,443
Filming - Low Impact,Suburb,17/01/2018,17/01/2018,444
Filming - Low Impact,Suburb,19/01/2018,19/01/2018,445
Filming - Low Impact,Iconic Park,19/01/2018,19/01/2018,446
Filming - Low Impact,Iconic Park,24/01/2018,24/01/2018,447
Filming - Low Impact,Suburb,23/01/2018,23/01/2018,448
Filming - Low Impact,Suburb,29/01/2018,30/01/2018,449
Filming - Low Impact,Suburb,24/01/2018,30/01/2018,450
Filming - Low Impact,Civic Space Outdoor,28/01/2018,30/01/2018,451
Filming - Low Impact,Civic Space Outdoor,13/10/2017,13/10/2017,452
Filming - Low Impact,Iconic Park,25/01/2017,25/01/2017,453
Filming - Low Impact,Iconic Park,27/01/2018,27/01/2018,454
Filming - Low Impact,Suburb,29/01/2018,8/02/2018,455
Filming - Low Impact,Iconic Park,31/01/2018,31/01/2018,456
Filming - Low Impact,Suburb,2/02/2018,2/02/2018,457
Filming - Low Impact,Iconic Park,1/02/2018,1/02/2018,458
Filming - Low Impact,Iconic Park,14/02/2018,14/02/2018,459
Filming - Low Impact,Minor Street,13/02/2018,13/02/2018,460
Filming - Low Impact,Iconic Park,9/02/2018,9/02/2018,461
Filming - Low Impact,Civic Space Outdoor,13/02/2018,13/02/2018,462
Filming - Low Impact,Iconic Park,15/02/2018,15/02/2018,463
Filming - Low Impact,Iconic Park,15/02/2018,15/02/2018,464
Filming - Low Impact,Major Street,14/02/2018,7/03/2018,465
Filming - Low Impact,Major Street,16/02/2018,16/02/2018,466
Filming - Low Impact,Major Street,17/02/2018,17/02/2018,467
Filming - Low Impact,Suburb,23/02/2018,23/02/2018,468
Filming - Low Impact,,26/02/2018,27/02/2018,469
Filming - Low Impact,Suburb,2/03/2018,2/03/2018,470
Filming - Low Impact,Civic Space Outdoor,4/03/2018,6/03/2018,471
Filming - Low Impact,Suburb,5/03/2018,5/03/2018,472
Filming - Low Impact,Minor Street,3/03/2018,4/03/2018,473
Filming - Low Impact,Major Street,6/03/2018,13/03/2018,474
Filming - Low Impact,Major Street,10/03/2018,10/03/2018,475
Filming - Low Impact,Suburb,9/03/2018,9/03/2018,476
Filming - Low Impact,Major Street,9/03/2018,10/03/2018,477
Filming - Low Impact,Suburb,14/03/2018,14/03/2018,478
Filming - Low Impact,Major Street,14/03/2018,14/03/2018,479
Filming - Low Impact,Minor Street,9/03/2018,9/03/2018,480
Filming - Low Impact,Suburb,16/03/2018,19/03/2018,481
Filming - Low Impact,Major Street,25/03/2018,25/03/2018,482
Filming - Low Impact,Major Street,17/03/2018,17/03/2018,483
Filming - Low Impact,Suburb,21/03/2018,21/03/2018,484
Filming - Low Impact,Suburb,19/03/2018,19/03/2018,485
Filming - Low Impact,Iconic Park,30/03/2018,30/03/2018,486
Filming - Low Impact,Neighbourhood Park,27/03/2018,27/03/2018,487
Filming - Low Impact,Major Street,18/04/2018,19/04/2018,488
Filming - Low Impact,Iconic Park,10/04/2018,10/04/2018,489
Filming - Low Impact,Suburb,12/04/2018,13/04/2018,490
Filming - Low Impact,Major Street,17/04/2018,17/04/2018,491
Filming - Low Impact,Civic Space Outdoor,15/04/2018,15/04/2018,492
Filming - Low Impact,Suburb,21/04/2018,21/04/2018,493
Filming - Low Impact,Suburb,5/05/2018,5/05/2018,494
Filming - Low Impact,Major Street,22/04/2018,23/04/2018,495
Filming - Low Impact,Civic Space Outdoor,23/04/2018,23/04/2018,496
Filming - Low Impact,Suburb,3/05/2018,3/05/2018,497
Filming - Low Impact,Suburb,4/05/2018,5/05/2018,498
Filming - Low Impact,Major Street,12/05/2018,12/05/2018,499
Filming - Low Impact,Iconic Park,7/05/2018,7/05/2018,500
Filming - Low Impact,Iconic Park,10/05/2018,10/05/2018,501
Filming - Low Impact,,10/05/2018,10/05/2018,502
Filming - Low Impact,,12/05/2018,12/05/2018,503
Filming - Low Impact,Suburb,10/11/2016,10/11/2016,504
Filming - Low Impact,Iconic Park,11/04/2017,11/04/2017,505
Filming - Low Impact,Major Street,15/05/2018,15/05/2018,506
Filming - Low Impact,Civic Space Outdoor,12/05/2018,12/05/2018,507
Filming - Low Impact,Suburb,14/05/2018,15/05/2018,508
Filming - Low Impact,,13/05/2018,13/05/2018,509
Filming - Low Impact,Suburb,18/05/2018,21/05/2018,510
Filming - Low Impact,Neighbourhood Park,22/05/2018,22/05/2018,511
Filming - Low Impact,Iconic Park,22/05/2018,22/05/2018,512
Filming - Low Impact,Minor Street,21/05/2018,22/05/2018,513
Filming - Low Impact,Suburb,30/05/2018,30/05/2018,514
Filming - Low Impact,,29/05/2018,29/05/2018,515
Filming - Low Impact,Major Street,5/06/2018,5/06/2018,516
Filming - Low Impact,,1/06/2018,2/06/2018,517
Filming - Low Impact,Suburb,30/05/2018,2/06/2018,518
Filming - Low Impact,Pocket Park,2/06/2018,2/06/2018,519
Filming - Low Impact,Suburb,4/06/2018,4/06/2018,520
Filming - Low Impact,Suburb,6/06/2018,6/06/2018,521
Filming - Low Impact,Suburb,8/06/2018,8/06/2018,522
Filming - Low Impact,Suburb,13/06/2018,14/06/2018,523
Filming - Low Impact,Suburb,13/06/2018,13/06/2018,524
Filming - Low Impact,Suburb,15/06/2018,15/06/2018,525
Filming - Low Impact,Major Street,15/06/2018,15/06/2018,526
Filming - Low Impact,Suburb,22/06/2018,22/06/2018,527
Filming - Low Impact,Iconic Park,22/06/2018,22/06/2018,528
Filming - Low Impact,Suburb,21/06/2018,21/06/2018,529
Filming - Low Impact,Major Street,23/06/2018,23/06/2018,530
Filming - Low Impact,Suburb,26/06/2018,27/06/2018,531
Filming - Low Impact,Iconic Park,25/06/2018,25/06/2018,532
Filming - Low Impact,Minor Street,5/07/2018,5/07/2018,533
Filming - Low Impact,Major Street,2/07/2018,2/07/2018,534
Filming - Low Impact,Suburb,4/07/2018,4/07/2018,535
Filming - Low Impact,Major Street,16/07/2018,16/07/2018,536
Filming - Low Impact,Suburb,9/07/2018,10/07/2018,537
Filming - Low Impact,Iconic Park,11/08/2018,11/08/2018,538
Filming - Low Impact,Minor Street,28/07/2018,29/07/2018,539
Filming - Low Impact,Iconic Park,18/07/2018,18/07/2018,540
Filming - Low Impact,Suburb,19/07/2018,20/07/2018,541
Filming - Low Impact,Iconic Park,13/07/2018,13/07/2018,542
Filming - Low Impact,Suburb,18/07/2018,18/07/2018,543
Filming - Low Impact,Major Street,3/09/2018,28/09/2018,544
Filming - Low Impact,Suburb,24/07/2018,25/07/2018,545
Filming - Low Impact,Iconic Park,26/07/2018,26/07/2018,546
Filming - Low Impact,Suburb,9/08/2018,12/08/2018,547
Filming - Low Impact,Pocket Park,22/07/2018,22/07/2018,548
Filming - Low Impact,Major Street,25/07/2018,26/07/2018,549
Filming - Low Impact,Suburb,24/07/2018,24/07/2018,550
Filming - Low Impact,Suburb,14/08/2018,15/08/2018,551
Filming - Low Impact,Iconic Park,31/07/2018,31/07/2018,552
Filming - Low Impact,Iconic Park,3/08/2018,3/08/2018,553
Filming - Low Impact,Suburb,13/08/2018,13/08/2018,554
Filming - Low Impact,Neighbourhood Park,10/11/2016,10/11/2016,555
Filming - Low Impact,Iconic Park,18/04/2017,18/04/2017,556
Filming - Low Impact,Suburb,23/01/2017,23/01/2017,557
Filming - Low Impact,Suburb,18/09/2017,18/09/2017,558
Filming - Low Impact,Major Street,29/04/2017,30/04/2017,559
Filming - Low Impact,Suburb,22/04/2017,22/04/2017,560
Filming - Low Impact,Suburb,22/04/2017,22/04/2017,561
Filming - Low Impact,Suburb,3/05/2017,3/05/2017,562
Filming - Low Impact,Suburb,4/05/2017,5/05/2017,563
Filming - Low Impact,Major Street,29/04/2017,29/04/2017,564
Filming - Low Impact,Suburb,5/05/2017,6/05/2017,565
Filming - Low Impact,Suburb,9/05/2017,9/05/2017,566
Filming - Low Impact,Major Street,6/05/2017,7/05/2017,567
Filming - Low Impact,Iconic Park,24/05/2017,24/05/2017,568
Filming - Low Impact,Suburb,9/05/2017,10/05/2017,569
Filming - Low Impact,Suburb,14/05/2017,25/06/2017,570
Filming - Low Impact,Suburb,11/05/2017,11/05/2017,571
Filming - Low Impact,Iconic Park,8/11/2016,8/11/2016,572
Filming - Low Impact,Minor Street,13/05/2017,13/05/2017,573
Filming - Low Impact,Suburb,9/11/2016,10/11/2016,574
Filming - Low Impact,Iconic Park,23/01/2017,23/01/2017,575
Filming - Low Impact,Suburb,19/05/2017,19/05/2017,576
Filming - Low Impact,Iconic Park,14/09/2017,14/09/2017,577
Filming - Low Impact,Suburb,14/11/2016,16/11/2016,578
Filming - Low Impact,Suburb,24/01/2017,24/01/2017,579
Filming - Low Impact,Suburb,31/01/2017,31/01/2017,580
Filming - Low Impact,Iconic Park,26/01/2017,26/01/2017,581
Filming - Low Impact,Major Street,27/01/2017,27/01/2017,582
Filming - Low Impact,Level A Sportsfield,1/02/2017,1/02/2017,583
Filming - Low Impact,Neighbourhood Park,5/02/2017,5/02/2017,584
Filming - Low Impact,Suburb,31/01/2017,1/02/2017,585
Filming - Low Impact,Suburb,1/02/2017,1/02/2017,586
Filming - Low Impact,Iconic Park,31/01/2017,1/02/2017,587
Filming - Low Impact,Suburb,3/02/2017,3/02/2017,588
Filming - Low Impact,Suburb,6/02/2017,6/02/2017,589
Filming - Low Impact,Civic Space Outdoor,4/02/2017,4/02/2017,590
Filming - Low Impact,Civic Space Outdoor,5/02/2017,5/02/2017,591
Filming - Low Impact,Suburb,9/02/2017,9/02/2017,592
Filming - Low Impact,Suburb,12/02/2017,14/02/2017,593
Filming - Low Impact,Suburb,11/02/2017,11/02/2017,594
Filming - Low Impact,Suburb,19/02/2017,21/02/2017,595
Filming - Low Impact,Iconic Park,21/02/2017,21/02/2017,596
Filming - Low Impact,Iconic Park,9/03/2017,20/04/2017,597
Filming - Low Impact,Suburb,22/02/2017,22/02/2017,598
Filming - Low Impact,Major Street,24/02/2017,27/02/2017,599
Filming - Low Impact,Iconic Park,2/03/2017,3/03/2017,600
Filming - Low Impact,Suburb,27/02/2017,3/03/2017,601
Filming - Low Impact,Suburb,27/02/2017,8/03/2017,602
Filming - Low Impact,Suburb,10/03/2017,10/03/2017,603
Filming - Low Impact,Civic Space Outdoor,6/03/2017,6/03/2017,604
Filming - Low Impact,Suburb,6/03/2017,8/03/2017,605
Filming - Low Impact,Minor Street,4/03/2017,4/03/2017,606
Filming - Low Impact,Suburb,6/03/2017,6/03/2017,607
Filming - Low Impact,Suburb,11/03/2017,11/03/2017,608
Filming - Low Impact,Iconic Park,7/03/2017,7/03/2017,609
Filming - Low Impact,Iconic Park,27/04/2017,27/04/2017,610
Filming - Low Impact,Suburb,11/03/2017,12/03/2017,611
Filming - Low Impact,Iconic Park,23/03/2017,23/03/2017,612
Filming - Low Impact,Civic Space Outdoor,19/04/2017,19/04/2017,613
Filming - Low Impact,Suburb,12/04/2017,12/04/2017,614
Filming - Low Impact,Suburb,23/03/2017,26/03/2017,615
Filming - Low Impact,Suburb,28/03/2017,28/03/2017,616
Filming - Low Impact,Minor Street,23/03/2017,26/03/2017,617
Filming - Low Impact,Suburb,29/03/2017,29/03/2017,618
Filming - Low Impact,Level A Sportsfield,25/03/2017,25/03/2017,619
Filming - Low Impact,Civic Space Outdoor,31/03/2017,31/03/2017,620
Filming - Low Impact,Civic Space Outdoor,29/03/2017,29/03/2017,621
Filming - Low Impact,Suburb,4/04/2017,4/04/2017,622
Filming - Low Impact,Iconic Park,10/04/2017,10/04/2017,623
Filming - Low Impact,Iconic Park,6/04/2017,7/04/2017,624
Filming - Low Impact,Suburb,7/04/2017,7/04/2017,625
Filming - Low Impact,Suburb,13/11/2016,13/11/2016,626
Filming - Low Impact,Iconic Park,14/01/2017,15/01/2017,627
Filming - Low Impact,Major Street,16/11/2016,17/11/2016,628
Filming - Low Impact,Suburb,17/11/2016,17/11/2016,629
Filming - Low Impact,Major Street,17/11/2016,17/11/2016,630
Filming - Low Impact,Major Street,22/11/2016,22/11/2016,631
Filming - Low Impact,Suburb,17/11/2016,17/11/2016,632
Filming - Low Impact,Suburb,18/11/2016,18/11/2016,633
Filming - Low Impact,Suburb,22/11/2016,22/11/2016,634
Filming - Low Impact,Suburb,22/11/2016,22/11/2016,635
Filming - Low Impact,Iconic Park,22/11/2016,22/11/2016,636
Filming - Low Impact,Suburb,19/05/2017,19/05/2017,637
Filming - Low Impact,Neighbourhood Park,24/05/2017,24/05/2017,638
Filming - Low Impact,Suburb,22/05/2017,22/05/2017,639
Filming - Low Impact,Major Street,23/05/2017,23/05/2017,640
Filming - Low Impact,Suburb,19/05/2017,19/05/2017,641
Filming - Low Impact,Major Street,24/05/2017,24/05/2017,642
Filming - Low Impact,Suburb,31/05/2017,31/05/2017,643
Filming - Low Impact,Suburb,23/07/2017,25/07/2017,644
Filming - Low Impact,Suburb,7/06/2017,8/06/2017,645
Filming - Low Impact,Minor Street,2/06/2017,2/06/2017,646
Filming - Low Impact,Suburb,8/06/2017,8/06/2017,647
Filming - Low Impact,Suburb,8/06/2017,8/06/2017,648
Filming - Low Impact,Iconic Park,14/07/2017,14/07/2017,649
Filming - Low Impact,Minor Street,9/06/2017,9/06/2017,650
Filming - Low Impact,Civic Space Outdoor,8/06/2017,8/06/2017,651
Filming - Low Impact,Suburb,8/06/2017,8/06/2017,652
Filming - Low Impact,Iconic Park,15/06/2017,15/06/2017,653
Filming - Low Impact,Iconic Park,14/06/2017,14/06/2017,654
Filming - Low Impact,Suburb,17/06/2017,17/06/2017,655
Filming - Low Impact,Suburb,19/06/2017,19/06/2017,656
Filming - Low Impact,Suburb,21/06/2017,21/06/2017,657
Filming - Low Impact,Neighbourhood Park,20/06/2017,20/06/2017,658
Filming - Low Impact,Major Street,20/06/2017,20/06/2017,659
Filming - Low Impact,Suburb,25/06/2017,25/06/2017,660
Filming - Low Impact,Suburb,28/06/2017,30/06/2017,661
Filming - Low Impact,Iconic Park,6/07/2017,6/07/2017,662
Filming - Low Impact,Major Street,28/06/2017,28/06/2017,663
Filming - Low Impact,Suburb,28/06/2017,29/06/2017,664
Filming - Low Impact,Suburb,30/06/2017,30/06/2017,665
Filming - Low Impact,Civic Space Outdoor,6/07/2017,6/07/2017,666
Filming - Low Impact,Suburb,9/09/2017,12/09/2017,667
Filming - Low Impact,Iconic Park,29/06/2017,29/06/2017,668
Filming - Low Impact,Iconic Park,10/07/2017,12/07/2017,669
Filming - Low Impact,Major Street,7/07/2017,7/07/2017,670
Filming - Low Impact,Major Street,24/11/2016,24/11/2016,671
Filming - Low Impact,Major Street,20/09/2017,20/09/2017,672
Filming - Low Impact,Suburb,16/09/2017,16/09/2017,673
Filming - Low Impact,Major Street,22/09/2017,22/09/2017,674
Filming - Low Impact,Neighbourhood Park,22/09/2017,23/09/2017,675
Filming - Low Impact,Iconic Park,21/09/2017,21/09/2017,676
Filming - Low Impact,Suburb,19/09/2017,19/09/2017,677
Filming - Low Impact,Suburb,22/09/2017,22/09/2017,678
Filming - Low Impact,Minor Street,16/09/2017,17/09/2017,679
Filming - Low Impact,Suburb,21/09/2017,21/09/2017,680
Filming - Low Impact,Suburb,22/09/2017,22/09/2017,681
Filming - Low Impact,Suburb,27/09/2017,27/09/2017,682
Filming - Low Impact,Civic Space Outdoor,13/10/2017,13/10/2017,683
Filming - Low Impact,Iconic Park,12/10/2017,13/10/2017,684
Filming - Low Impact,Iconic Park,9/10/2017,9/10/2017,685
Filming - Low Impact,Civic Space Outdoor,29/09/2017,29/09/2017,686
Filming - Low Impact,Iconic Park,19/10/2017,19/10/2017,687
Filming - Low Impact,Suburb,6/10/2017,9/10/2017,688
Filming - Low Impact,Iconic Park,11/10/2017,11/10/2017,689
Filming - Low Impact,Suburb,12/10/2017,12/10/2017,690
Filming - Low Impact,Major Street,12/10/2017,13/10/2017,691
Filming - Low Impact,Suburb,24/10/2017,24/10/2017,692
Filming - Low Impact,Pocket Park,21/10/2017,21/10/2017,693
Filming - Low Impact,Iconic Park,28/10/2017,28/10/2017,694
Filming - Low Impact,Suburb,26/10/2017,26/10/2017,695
Filming - Low Impact,Civic Space Outdoor,26/10/2017,26/10/2017,696
Filming - Low Impact,Major Street,3/11/2017,3/11/2017,697
Filming - Low Impact,Suburb,25/10/2017,26/10/2017,698
Filming - Low Impact,Suburb,26/10/2017,26/10/2017,699
Filming - Low Impact,Iconic Park,30/10/2017,31/10/2017,700
Filming - Low Impact,Suburb,25/10/2017,26/10/2017,701
Filming - Low Impact,Suburb,6/11/2017,13/11/2017,702
Filming - Low Impact,Major Street,8/11/2017,9/11/2017,703
Filming - Low Impact,Suburb,3/11/2017,4/11/2017,704
Filming - Low Impact,Major Street,9/11/2017,10/11/2017,705
Filming - Low Impact,Iconic Park,14/11/2017,14/11/2017,706
Filming - Low Impact,Suburb,13/11/2017,17/11/2017,707
Filming - Low Impact,Iconic Park,6/11/2017,6/11/2017,708
Filming - Low Impact,Suburb,13/11/2017,13/11/2017,709
Filming - Low Impact,Major Street,16/11/2017,16/11/2017,710
Filming - Low Impact,Minor Street,27/11/2017,1/12/2017,711
Filming - Low Impact,Suburb,15/11/2017,15/11/2017,712
Filming - Low Impact,Suburb,22/11/2017,22/11/2017,713
Filming - Low Impact,Major Street,25/11/2017,26/11/2017,714
Filming - Low Impact,Iconic Park,21/11/2017,22/11/2017,715
Filming - Low Impact,Suburb,17/11/2017,17/11/2017,716
Filming - Low Impact,Level A Sportsfield,21/11/2017,21/11/2017,717
Filming - Low Impact,Suburb,25/11/2016,25/11/2016,718
Filming - Low Impact,Civic Space Outdoor,11/12/2016,11/12/2016,719
Filming - Low Impact,Suburb,4/12/2016,4/12/2016,720
Filming - Low Impact,Suburb,29/11/2016,29/11/2016,721
Filming - Low Impact,Suburb,5/12/2016,6/12/2016,722
Filming - Low Impact,Suburb,1/12/2016,1/12/2016,723
Filming - Low Impact,Major Street,1/12/2016,1/12/2016,724
Filming - Low Impact,Major Street,3/12/2016,3/12/2016,725
Filming - Low Impact,Iconic Park,5/12/2016,5/12/2016,726
Filming - Low Impact,Suburb,6/12/2016,7/12/2016,727
Filming - Low Impact,Suburb,6/12/2016,6/12/2016,728
Filming - Low Impact,Suburb,12/12/2016,12/12/2016,729
Filming - Low Impact,Suburb,7/12/2016,7/12/2016,730
Filming - Low Impact,Major Street,10/12/2016,11/12/2016,731
Filming - Low Impact,Suburb,9/12/2016,9/12/2016,732
Filming - Low Impact,Suburb,13/12/2016,14/12/2016,733
Filming - Low Impact,Iconic Park,19/12/2016,19/12/2016,734
Filming - Low Impact,Minor Street,14/12/2016,14/12/2016,735
Filming - Low Impact,Suburb,15/12/2016,16/12/2016,736
Filming - Low Impact,Suburb,16/12/2016,16/12/2016,737
Filming - Low Impact,Minor Street,17/12/2016,17/12/2016,738
Filming - Low Impact,Iconic Park,22/12/2016,22/12/2016,739
Filming - Low Impact,Suburb,3/01/2017,3/01/2017,740
Filming - Low Impact,Iconic Park,16/01/2017,17/01/2017,741
Filming - Low Impact,Iconic Park,18/01/2017,18/01/2017,742
Filming - Low Impact,Suburb,11/01/2017,11/01/2017,743
Filming - Low Impact,Iconic Park,13/01/2017,13/01/2017,744
Filming - Low Impact,Suburb,11/01/2017,12/01/2017,745
Filming - Low Impact,Suburb,19/01/2017,19/01/2017,746
Filming - Low Impact,Major Street,21/01/2017,21/01/2017,747
Filming - Low Impact,Suburb,18/01/2017,19/01/2017,748
Filming - Low Impact,Civic Space Outdoor,30/01/2017,30/01/2017,749
Filming - Low Impact,Suburb,1/02/2017,1/02/2017,750
Filming - Low Impact,Civic Space Outdoor,12/07/2017,12/07/2017,751
Filming - Low Impact,Suburb,6/07/2017,6/07/2017,752
Filming - Low Impact,Iconic Park,6/07/2017,6/07/2017,753
Filming - Low Impact,Major Street,12/07/2017,12/07/2017,754
Filming - Low Impact,Major Street,13/07/2017,28/07/2017,755
Filming - Low Impact,Iconic Park,26/07/2017,26/07/2017,756
Filming - Low Impact,Major Street,9/07/2017,11/07/2017,757
Filming - Low Impact,Suburb,1/08/2017,4/08/2017,758
Filming - Low Impact,Suburb,13/07/2017,13/07/2017,759
Filming - Low Impact,Suburb,11/07/2017,11/07/2017,760
Filming - Low Impact,Iconic Park,13/07/2017,14/07/2017,761
Filming - Low Impact,Suburb,24/07/2017,24/07/2017,762
Filming - Low Impact,Suburb,22/07/2017,23/07/2017,763
Filming - Low Impact,Suburb,2/08/2017,2/08/2017,764
Filming - Low Impact,Major Street,1/08/2017,31/08/2017,765
Filming - Low Impact,Suburb,28/07/2017,28/07/2017,766
Filming - Low Impact,Suburb,31/07/2017,31/07/2017,767
Filming - Low Impact,Pocket Park,10/08/2017,10/08/2017,768
Filming - Low Impact,Suburb,4/08/2017,4/08/2017,769
Filming - Low Impact,Iconic Park,4/08/2017,4/08/2017,770
Filming - Low Impact,Suburb,6/09/2017,6/09/2017,771
Filming - Low Impact,Suburb,8/08/2017,8/08/2017,772
Filming - Low Impact,Major Street,9/08/2017,9/08/2017,773
Filming - Low Impact,Iconic Park,7/08/2017,7/08/2017,774
Filming - Low Impact,Iconic Park,10/08/2017,14/08/2017,775
Filming - Low Impact,Major Street,12/08/2017,12/08/2017,776
Filming - Low Impact,Civic Space Outdoor,11/08/2017,11/08/2017,777
Filming - Low Impact,Suburb,18/08/2017,18/08/2017,778
Filming - Low Impact,Suburb,28/08/2017,29/08/2017,779
Filming - Low Impact,Minor Street,14/08/2017,14/08/2017,780
Filming - Low Impact,Iconic Park,21/08/2017,21/08/2017,781
Filming - Low Impact,Iconic Park,20/08/2017,20/08/2017,782
Filming - Low Impact,Suburb,18/08/2017,18/08/2017,783
Filming - Low Impact,Suburb,18/08/2017,19/08/2017,784
Filming - Low Impact,Suburb,17/08/2017,17/08/2017,785
Filming - Low Impact,Neighbourhood Park,25/08/2017,25/08/2017,786
Filming - Low Impact,Suburb,3/09/2017,4/09/2017,787
Filming - Low Impact,Iconic Park,18/09/2017,18/09/2017,788
Filming - Low Impact,Iconic Park,23/08/2017,23/08/2017,789
Filming - Low Impact,Suburb,29/08/2017,1/09/2017,790
Filming - Low Impact,Suburb,7/09/2017,7/09/2017,791
Filming - Low Impact,Suburb,28/08/2017,28/08/2017,792
Filming - Low Impact,Suburb,19/09/2017,19/09/2017,793
Filming - Low Impact,Iconic Park,3/09/2017,3/09/2017,794
Filming - Low Impact,Minor Street,4/09/2017,4/09/2017,795
Filming - Low Impact,Level B Sportsfield,31/08/2017,31/08/2017,796
Filming - Low Impact,Civic Space Outdoor,8/09/2017,9/09/2017,797
Filming - Low Impact,Suburb,12/09/2017,13/09/2017,798
Filming - Low Impact,Iconic Park,21/09/2017,21/09/2017,799
Filming - Low Impact,Suburb,4/09/2017,4/09/2017,800
Filming - Medium Impact,Major Street,4/08/2015,6/08/2015,801
Filming - Medium Impact,Iconic Park,5/08/2015,5/08/2015,802
Filming - Medium Impact,Major Street,8/08/2015,8/08/2015,803
Filming - Medium Impact,Major Street,17/08/2015,17/08/2015,804
Filming - Medium Impact,Minor Street,22/08/2015,22/08/2015,805
Filming - Medium Impact,Major Street,25/08/2015,25/08/2015,806
Filming - Medium Impact,Suburb,26/08/2015,26/08/2015,807
Filming - Medium Impact,Iconic Park,29/08/2015,29/08/2015,808
Filming - Medium Impact,Iconic Park,31/08/2015,1/09/2015,809
Filming - Medium Impact,Iconic Park,3/09/2015,3/09/2015,810
Filming - Medium Impact,Iconic Park,4/09/2015,5/09/2015,811
Filming - Medium Impact,Suburb,14/09/2015,14/09/2015,812
Filming - Medium Impact,Iconic Park,8/10/2015,8/10/2015,813
Filming - Medium Impact,Suburb,21/09/2015,21/09/2015,814
Filming - Medium Impact,Neighbourhood Park,7/10/2015,7/10/2015,815
Filming - Medium Impact,Major Street,2/10/2015,2/10/2015,816
Filming - Medium Impact,Suburb,6/10/2015,6/10/2015,817
Filming - Medium Impact,Major Street,9/10/2015,12/10/2015,818
Filming - Medium Impact,Minor Street,8/10/2015,9/10/2015,819
Filming - Medium Impact,Iconic Park,13/10/2015,13/10/2015,820
Filming - Medium Impact,Minor Street,14/10/2015,16/10/2015,821
Filming - Medium Impact,Minor Street,20/10/2015,20/10/2015,822
Filming - Medium Impact,Suburb,21/10/2015,23/10/2015,823
Filming - Medium Impact,Civic Space Outdoor,23/10/2015,28/10/2015,824
Filming - Medium Impact,Major Street,2/11/2015,5/11/2015,825
Filming - Medium Impact,Major Street,4/11/2015,5/11/2015,826
Filming - Medium Impact,Neighbourhood Park,10/11/2015,10/11/2015,827
Filming - Medium Impact,Major Street,10/11/2015,14/11/2015,828
Filming - Medium Impact,Pocket Park,10/11/2015,10/11/2015,829
Filming - Medium Impact,Suburb,12/11/2015,12/11/2015,830
Filming - Medium Impact,Suburb,17/11/2015,17/11/2015,831
Filming - Medium Impact,Major Street,12/11/2015,14/11/2015,832
Filming - Medium Impact,Neighbourhood Park,23/11/2015,23/11/2015,833
Filming - Medium Impact,Level A Sportsfield,19/11/2015,19/11/2015,834
Filming - Medium Impact,Suburb,24/11/2015,27/11/2015,835
Filming - Medium Impact,Neighbourhood Park,11/12/2015,13/12/2015,836
Filming - Medium Impact,Iconic Park,30/11/2015,30/11/2015,837
Filming - Medium Impact,Neighbourhood Park,25/11/2015,25/11/2015,838
Filming - Medium Impact,Suburb,1/12/2015,1/12/2015,839
Filming - Medium Impact,Minor Street,2/12/2015,2/12/2015,840
Filming - Medium Impact,Civic Space Outdoor,11/12/2015,14/12/2015,841
Filming - Medium Impact,Iconic Park,13/12/2015,13/12/2015,842
Filming - Medium Impact,Suburb,13/12/2015,14/12/2015,843
Filming - Medium Impact,Suburb,19/12/2015,19/12/2015,844
Filming - Medium Impact,Minor Street,10/01/2016,10/01/2016,845
Filming - Medium Impact,Minor Street,16/01/2016,17/01/2016,846
Filming - Medium Impact,Minor Street,17/01/2016,19/01/2016,847
Filming - Medium Impact,Suburb,19/01/2016,19/01/2016,848
Filming - Medium Impact,Suburb,30/01/2016,30/01/2016,849
Filming - Medium Impact,Major Street,1/02/2016,1/02/2016,850
Filming - Low Impact,Major Street,15/11/2018,15/11/2018,851
Filming - Low Impact,Iconic Park,20/12/2018,20/12/2018,852
Filming - Low Impact,Iconic Park,10/01/2019,10/01/2019,853
Filming - Low Impact,Iconic Park,6/01/2019,6/01/2019,854
Filming - Low Impact,Major Street,17/01/2019,17/01/2019,855
Filming - Low Impact,Major Street,14/01/2019,14/01/2019,856
Filming - Low Impact,Iconic Park,17/01/2019,17/01/2019,857
Filming - Low Impact,Major Street,11/01/2019,11/01/2019,858
Filming - Low Impact,Iconic Park,18/01/2019,18/01/2019,859
Filming - Low Impact,Major Street,17/01/2019,19/01/2019,860
Filming - Low Impact,Major Street,15/01/2019,17/01/2019,861
Filming - Low Impact,Suburb,16/01/2019,16/01/2019,862
Filming - Low Impact,Civic Space Outdoor,21/01/2019,24/01/2019,863
Filming - Low Impact,Suburb,19/01/2019,19/01/2019,864
Filming - Low Impact,Iconic Park,1/02/2019,1/02/2019,865
Filming - Low Impact,Iconic Park,5/02/2019,5/02/2019,866
Filming - Low Impact,Iconic Park,24/01/2019,24/01/2019,867
Filming - Low Impact,Civic Space Outdoor,5/02/2019,5/02/2019,868
Filming - Low Impact,Neighbourhood Park,23/01/2019,23/01/2019,869
Filming - Low Impact,Major Street,7/02/2019,7/02/2019,870
Filming - Low Impact,Major Street,29/01/2019,29/01/2019,871
Filming - Low Impact,Civic Space Outdoor,3/02/2019,3/02/2019,872
Filming - Low Impact,Iconic Park,4/02/2019,4/02/2019,873
Filming - Low Impact,Suburb,9/02/2019,10/02/2019,874
Filming - Low Impact,Suburb,5/02/2019,5/02/2019,875
Filming - Low Impact,Major Street,9/02/2019,9/02/2019,876
Filming - Low Impact,Iconic Park,6/02/2019,8/02/2019,877
Filming - Low Impact,Suburb,4/02/2019,4/02/2019,878
Filming - Low Impact,Major Street,9/02/2019,9/02/2019,879
Filming - Low Impact,Minor Street,15/02/2019,15/02/2019,880
Filming - Low Impact,Iconic Park,13/02/2019,13/02/2019,881
Filming - Low Impact,Iconic Park,14/02/2019,14/02/2019,882
Filming - Low Impact,Pocket Park,1/03/2019,1/03/2019,883
Filming - Low Impact,Iconic Park,21/02/2019,21/02/2019,884
Filming - Low Impact,Suburb,20/02/2019,20/02/2019,885
Filming - Low Impact,Suburb,16/02/2019,21/02/2019,886
Filming - Low Impact,Iconic Park,25/02/2019,25/02/2019,887
Filming - Low Impact,Major Street,23/02/2019,23/02/2019,888
Filming - Low Impact,Suburb,1/03/2019,1/03/2019,889
Filming - Low Impact,Iconic Park,5/03/2019,5/03/2019,890
Filming - Low Impact,Suburb,27/02/2019,27/02/2019,891
Filming - Low Impact,Iconic Park,4/03/2019,5/03/2019,892
Filming - Low Impact,Civic Space Outdoor,8/03/2019,8/03/2019,893
Filming - Low Impact,Suburb,1/03/2019,2/03/2019,894
Filming - Low Impact,Suburb,2/03/2019,2/03/2019,895
Filming - Low Impact,Major Street,3/03/2019,3/03/2019,896
Filming - Low Impact,Iconic Park,7/03/2019,7/03/2019,897
Filming - Low Impact,Major Street,5/03/2019,5/03/2019,898
Filming - Low Impact,Iconic Park,5/03/2019,5/03/2019,899
Filming - Low Impact,Iconic Park,13/03/2019,13/03/2019,900
Filming - Low Impact,Suburb,8/03/2019,8/03/2019,901
Filming - Low Impact,Major Street,25/10/2018,25/10/2018,902
Filming - Low Impact,Major Street,29/10/2018,1/11/2018,903
Filming - Low Impact,Suburb,25/10/2018,26/10/2018,904
Filming - Low Impact,Suburb,25/10/2018,25/10/2018,905
Filming - Low Impact,Major Street,8/11/2018,8/11/2018,906
Filming - Low Impact,Major Street,12/11/2018,12/11/2018,907
Filming - Low Impact,Suburb,9/11/2018,15/11/2018,908
Filming - Low Impact,Civic Space Outdoor,13/11/2018,13/11/2018,909
Filming - Low Impact,Iconic Park,12/11/2018,12/11/2018,910
Filming - Low Impact,Major Street,14/11/2018,14/11/2018,911
Filming - Low Impact,Major Street,13/11/2018,13/11/2018,912
Filming - Low Impact,Major Street,19/11/2018,19/11/2018,913
Filming - Low Impact,Suburb,21/11/2018,21/11/2018,914
Filming - Low Impact,Iconic Park,19/11/2018,23/11/2018,915
Filming - Low Impact,Neighbourhood Park,21/11/2018,21/11/2018,916
Filming - Low Impact,Suburb,22/11/2018,23/11/2018,917
Filming - Low Impact,Suburb,16/11/2018,17/11/2018,918
Filming - Low Impact,Major Street,21/11/2018,22/11/2018,919
Filming - Low Impact,Suburb,26/11/2018,27/11/2018,920
Filming - Low Impact,Iconic Park,20/11/2018,20/11/2018,921
Filming - Low Impact,Suburb,23/11/2018,23/11/2018,922
Filming - Low Impact,Major Street,26/11/2018,26/11/2018,923
Filming - Low Impact,Minor Street,27/11/2018,27/11/2018,924
Filming - Low Impact,Suburb,22/11/2018,22/11/2018,925
Filming - Low Impact,Iconic Park,23/11/2018,23/11/2018,926
Filming - Low Impact,Major Street,23/11/2018,23/11/2018,927
Filming - Low Impact,Major Street,27/11/2018,27/11/2018,928
Filming - Low Impact,Civic Space Outdoor,22/11/2018,22/11/2018,929
Filming - Low Impact,Iconic Park,3/12/2018,6/12/2018,930
Filming - Low Impact,Major Street,3/12/2018,5/12/2018,931
Filming - Low Impact,Minor Street,4/12/2018,4/12/2018,932
Filming - Low Impact,Minor Street,3/12/2018,4/12/2018,933
Filming - Low Impact,Iconic Park,30/11/2018,30/11/2018,934
Filming - Low Impact,Suburb,3/12/2018,4/12/2018,935
Filming - Low Impact,Iconic Park,7/12/2018,7/12/2018,936
Filming - Low Impact,Iconic Park,4/12/2018,4/12/2018,937
Filming - Low Impact,Iconic Park,6/12/2018,6/12/2018,938
Filming - Low Impact,Civic Space Outdoor,12/12/2018,12/12/2018,939
Filming - Low Impact,Suburb,11/12/2018,11/12/2018,940
Filming - Low Impact,Major Street,6/12/2018,6/12/2018,941
Filming - Low Impact,Suburb,14/12/2018,15/12/2018,942
Filming - Low Impact,Suburb,12/12/2018,12/12/2018,943
Filming - Low Impact,Major Street,11/12/2018,11/12/2018,944
Filming - Low Impact,Iconic Park,11/12/2018,11/12/2018,945
Filming - Low Impact,Suburb,16/12/2018,16/12/2018,946
Filming - Low Impact,Suburb,19/12/2018,19/12/2018,947
Filming - Low Impact,Suburb,17/12/2018,17/12/2018,948
Filming - Low Impact,Iconic Park,17/12/2018,17/12/2018,949
Filming - Low Impact,Level A Sportsfield,19/12/2018,19/12/2018,950
Filming - Low Impact,Level A Sportsfield,7/03/2019,7/03/2019,951
Filming - Low Impact,Iconic Park,5/04/2019,5/04/2019,952
Filming - Low Impact,Level A Sportsfield,12/03/2019,12/03/2019,953
Filming - Low Impact,Suburb,25/03/2019,25/03/2019,954
Filming - Low Impact,Level A Sportsfield,17/03/2019,26/05/2019,955
Filming - Low Impact,Civic Space Outdoor,23/03/2019,23/03/2019,956
Filming - Low Impact,Iconic Park,26/03/2019,26/03/2019,957
Filming - Low Impact,Civic Space Outdoor,22/03/2019,22/03/2019,958
Filming - Medium Impact,Minor Street,17/02/2016,18/02/2016,959
Filming - Medium Impact,Suburb,17/08/2016,17/08/2016,960
Filming - Low Impact,Minor Street,15/08/2018,15/08/2018,961
Filming - Low Impact,Major Street,12/05/2019,2/06/2019,962
Filming - Low Impact,Suburb,21/03/2019,21/03/2019,963
Filming - Low Impact,Suburb,24/03/2019,26/03/2019,964
Filming - Low Impact,Neighbourhood Park,26/03/2019,26/03/2019,965
Filming - Low Impact,Iconic Park,25/03/2019,25/03/2019,966
Filming - Low Impact,Iconic Park,26/03/2019,26/03/2019,967
Filming - Low Impact,Suburb,29/03/2019,1/04/2019,968
Filming - Low Impact,Suburb,2/04/2019,2/04/2019,969
Filming - Low Impact,Civic Space Outdoor,1/04/2019,1/04/2019,970
Filming - Low Impact,Suburb,5/04/2019,6/04/2019,971
Filming - Low Impact,Major Street,2/04/2019,2/04/2019,972
Filming - Low Impact,Iconic Park,9/04/2019,11/04/2019,973
Filming - Low Impact,Suburb,4/04/2019,4/04/2019,974
Filming - Low Impact,Iconic Park,9/04/2019,9/04/2019,975
Filming - Low Impact,Suburb,8/04/2019,17/04/2019,976
Filming - Low Impact,Iconic Park,6/04/2019,6/04/2019,977
Filming - Low Impact,Major Street,5/04/2019,6/04/2019,978
Filming - Low Impact,Iconic Park,5/04/2019,5/04/2019,979
Filming - Low Impact,Iconic Park,12/04/2019,12/04/2019,980
Filming - Low Impact,Major Street,13/04/2019,13/04/2019,981
Filming - Low Impact,Suburb,20/04/2019,20/04/2019,982
Filming - Low Impact,Suburb,17/04/2019,17/04/2019,983
Filming - Low Impact,Suburb,17/04/2019,18/04/2019,984
Filming - Low Impact,Suburb,16/04/2019,16/04/2019,985
Filming - Low Impact,Iconic Park,21/05/2019,21/05/2019,986
Filming - Low Impact,Suburb,7/05/2019,7/05/2019,987
Filming - Low Impact,Iconic Park,15/05/2019,15/05/2019,988
Filming - Low Impact,Level A Sportsfield,1/05/2019,1/05/2019,989
Filming - Low Impact,Suburb,30/04/2019,30/04/2019,990
Filming - Low Impact,Suburb,2/05/2019,2/05/2019,991
Filming - Low Impact,Major Street,3/05/2019,4/05/2019,992
Filming - Low Impact,Suburb,6/05/2019,6/05/2019,993
Filming - Low Impact,Suburb,8/05/2019,8/05/2019,994
Filming - Low Impact,Suburb,4/05/2019,4/05/2019,995
Filming - Low Impact,Civic Space Outdoor,3/05/2019,3/05/2019,996
Filming - Low Impact,Suburb,8/05/2019,9/05/2019,997
Filming - Low Impact,Suburb,9/05/2019,9/05/2019,998
Filming - Low Impact,Iconic Park,8/05/2019,8/05/2019,999
Filming - Low Impact,Suburb,11/05/2019,11/05/2019,1000
Filming - Low Impact,Iconic Park,8/05/2019,8/05/2019,1001
Filming - Low Impact,Major Street,11/05/2019,11/05/2019,1002
Filming - Low Impact,Suburb,9/05/2019,9/05/2019,1003
Filming - Low Impact,Civic Space Outdoor,9/05/2019,9/05/2019,1004
Filming - Medium Impact,Suburb,23/02/2016,23/02/2016,1005
Filming - Medium Impact,Suburb,29/02/2016,4/03/2016,1006
Filming - Medium Impact,Suburb,28/02/2016,28/02/2016,1007
Filming - Medium Impact,Iconic Park,29/02/2016,29/02/2016,1008
Filming - Medium Impact,Major Street,4/03/2016,4/03/2016,1009
Filming - Medium Impact,Civic Space Outdoor,12/03/2016,12/03/2016,1010
Filming - Medium Impact,Major Street,15/03/2016,16/03/2016,1011
Filming - Medium Impact,Suburb,18/03/2016,30/03/2016,1012
Filming - Medium Impact,Minor Street,22/03/2016,22/03/2016,1013
Filming - Medium Impact,Civic Space Outdoor,24/03/2016,24/03/2016,1014
Filming - Medium Impact,Suburb,31/03/2016,31/03/2016,1015
Filming - Medium Impact,Level B Sportsfield,6/04/2016,7/04/2016,1016
Filming - Medium Impact,Major Street,11/04/2016,11/04/2016,1017
Filming - Medium Impact,Suburb,13/04/2016,13/04/2016,1018
Filming - Medium Impact,Suburb,20/04/2016,20/04/2016,1019
Filming - Medium Impact,Suburb,25/04/2016,25/04/2016,1020
Filming - Medium Impact,Iconic Park,25/04/2016,25/04/2016,1021
Filming - Medium Impact,Suburb,2/05/2016,3/05/2016,1022
Filming - Medium Impact,Major Street,13/05/2016,18/05/2016,1023
Filming - Medium Impact,Major Street,18/05/2016,19/05/2016,1024
Filming - Medium Impact,Iconic Park,27/05/2016,27/05/2016,1025
Filming - Medium Impact,Major Street,24/05/2016,24/05/2016,1026
Filming - Medium Impact,Pocket Park,20/05/2016,20/05/2016,1027
Filming - Medium Impact,Major Street,28/05/2016,28/05/2016,1028
Filming - Medium Impact,Suburb,27/05/2016,27/05/2016,1029
Filming - Medium Impact,Suburb,30/05/2016,30/05/2016,1030
Filming - Medium Impact,Major Street,30/05/2016,31/05/2016,1031
Filming - Medium Impact,Suburb,31/05/2016,31/05/2016,1032
Filming - Medium Impact,Suburb,31/05/2016,31/05/2016,1033
Filming - Medium Impact,Suburb,7/06/2016,9/06/2016,1034
Filming - Medium Impact,,11/06/2016,11/06/2016,1035
Filming - Medium Impact,Level A Sportsfield,16/06/2016,16/06/2016,1036
Filming - Medium Impact,Civic Space Outdoor,20/06/2016,21/06/2016,1037
Filming - Medium Impact,Civic Space Outdoor,21/06/2016,21/06/2016,1038
Filming - Medium Impact,Suburb,1/07/2016,5/07/2016,1039
Filming - Medium Impact,Minor Street,8/07/2016,9/07/2016,1040
Filming - Medium Impact,Suburb,8/07/2016,9/07/2016,1041
Filming - Medium Impact,Suburb,6/07/2016,7/07/2016,1042
Filming - Medium Impact,Iconic Park,14/07/2016,14/07/2016,1043
Filming - Medium Impact,Suburb,22/07/2016,24/07/2016,1044
Filming - Medium Impact,Major Street,11/07/2016,12/07/2016,1045
Filming - Medium Impact,Civic Space Outdoor,12/07/2016,12/07/2016,1046
Filming - Medium Impact,Suburb,21/07/2016,22/07/2016,1047
Filming - Medium Impact,Suburb,9/08/2016,11/08/2016,1048
Filming - Medium Impact,Major Street,11/08/2016,12/08/2016,1049
Filming - Medium Impact,Suburb,15/08/2016,17/08/2016,1050
Filming - Medium Impact,Suburb,16/08/2016,16/08/2016,1051
Filming - Medium Impact,Civic Space Outdoor,1/09/2016,4/09/2016,1052
Filming - Medium Impact,Iconic Park,17/08/2016,17/08/2016,1053
Filming - Low Impact,Suburb,14/05/2019,15/05/2019,1054
Filming - Low Impact,Iconic Park,7/08/2018,7/08/2018,1055
Filming - Low Impact,Suburb,13/05/2019,14/05/2019,1056
Filming - Medium Impact,Suburb,27/08/2016,30/08/2016,1057
Filming - Medium Impact,Civic Space Outdoor,10/09/2016,11/09/2016,1058
Filming - Medium Impact,Civic Space Outdoor,10/09/2016,10/09/2016,1059
Filming - Medium Impact,Major Street,7/09/2016,8/09/2016,1060
Filming - Medium Impact,Iconic Park,13/09/2016,14/09/2016,1061
Filming - Medium Impact,Suburb,14/09/2016,14/09/2016,1062
Filming - Medium Impact,Suburb,15/09/2016,16/09/2016,1063
Filming - Medium Impact,Suburb,19/09/2016,19/09/2016,1064
Filming - Low Impact,Civic Space Outdoor,13/05/2019,14/05/2019,1065
Filming - Medium Impact,Iconic Park,18/09/2016,18/09/2016,1066
Filming - Low Impact,Iconic Park,9/08/2018,9/08/2018,1067
Filming - Low Impact,Civic Space Outdoor,16/05/2019,16/05/2019,1068
Filming - Medium Impact,Suburb,23/09/2016,23/09/2016,1069
Filming - Low Impact,Suburb,10/08/2018,11/08/2018,1070
Filming - Low Impact,Suburb,24/05/2019,24/05/2019,1071
Filming - Medium Impact,Civic Space Outdoor,25/09/2016,25/09/2016,1072
Filming - Low Impact,Iconic Park,7/08/2018,7/08/2018,1073
Filming - Low Impact,Suburb,21/05/2019,21/05/2019,1074
Filming - Medium Impact,Major Street,7/10/2016,7/10/2016,1075
Filming - Low Impact,Iconic Park,7/08/2018,7/08/2018,1076
Filming - Low Impact,Suburb,20/05/2019,20/05/2019,1077
Filming - Medium Impact,Suburb,13/10/2016,13/10/2016,1078
Filming - Low Impact,Suburb,9/08/2018,9/08/2018,1079
Filming - Low Impact,Iconic Park,23/05/2019,23/05/2019,1080
Filming - Low Impact,Suburb,30/05/2019,30/05/2019,1081
Filming - Low Impact,Suburb,24/05/2019,25/05/2019,1082
Filming - Low Impact,Iconic Park,23/05/2019,23/05/2019,1083
Filming - Low Impact,Major Street,29/05/2019,29/05/2019,1084
Filming - Low Impact,Iconic Park,23/05/2019,23/05/2019,1085
Filming - Low Impact,Suburb,28/05/2019,28/05/2019,1086
Filming - Low Impact,Suburb,30/05/2019,30/05/2019,1087
Filming - Low Impact,Suburb,26/05/2019,27/05/2019,1088
Filming - Low Impact,Suburb,2/06/2019,3/06/2019,1089
Filming - Low Impact,Iconic Park,30/05/2019,30/05/2019,1090
Filming - Low Impact,Iconic Park,31/05/2019,31/05/2019,1091
Filming - Low Impact,Suburb,3/06/2019,3/06/2019,1092
Filming - Low Impact,Suburb,5/06/2019,5/06/2019,1093
Filming - Low Impact,Iconic Park,11/06/2019,11/06/2019,1094
Filming - Low Impact,Suburb,4/06/2019,5/06/2019,1095
Filming - Low Impact,Iconic Park,6/06/2019,6/06/2019,1096
Filming - Low Impact,Suburb,14/06/2019,14/06/2019,1097
Filming - Low Impact,Iconic Park,13/06/2019,13/06/2019,1098
Filming - Low Impact,Suburb,13/06/2019,14/06/2019,1099
Filming - Low Impact,Minor Street,18/06/2019,19/06/2019,1100
Filming - Low Impact,Iconic Park,13/06/2019,13/06/2019,1101
Filming - Low Impact,Suburb,14/06/2019,15/06/2019,1102
Filming - Low Impact,Major Street,19/06/2019,19/06/2019,1103
Filming - Low Impact,Suburb,20/06/2019,20/06/2019,1104
Filming - Low Impact,Major Street,17/06/2019,17/06/2019,1105
Filming - Low Impact,Iconic Park,27/06/2019,27/06/2019,1106
Filming - Low Impact,Suburb,19/06/2019,19/06/2019,1107
Filming - Medium Impact,,2/07/2015,8/07/2015,1108
Filming - Medium Impact,Major Street,5/07/2015,7/07/2015,1109
Filming - Medium Impact,Suburb,9/07/2015,9/07/2015,1110
Filming - Medium Impact,Major Street,15/07/2015,15/07/2015,1111
Filming - Medium Impact,Civic Space Outdoor,15/07/2015,16/07/2015,1112
Filming - Medium Impact,Suburb,16/07/2015,16/07/2015,1113
Filming - Medium Impact,Minor Street,16/07/2015,16/07/2015,1114
Filming - Medium Impact,Iconic Park,18/07/2015,18/07/2015,1115
Filming - Medium Impact,Suburb,21/07/2015,24/07/2015,1116
Filming - Medium Impact,Minor Street,22/07/2015,22/07/2015,1117
Filming - Medium Impact,Neighbourhood Park,29/07/2015,29/07/2015,1118
Filming - Medium Impact,Major Street,31/07/2015,31/07/2015,1119
Filming - Medium Impact,Suburb,31/07/2015,1/08/2015,1120
Filming - Medium Impact,Suburb,31/07/2015,3/08/2015,1121
Filming - Low Impact,Suburb,10/08/2018,10/08/2018,1122
Filming - Low Impact,Suburb,9/08/2018,9/08/2018,1123
Filming - Low Impact,Minor Street,15/08/2018,15/08/2018,1124
Filming - Low Impact,Civic Space Outdoor,10/08/2018,10/08/2018,1125
Filming - Low Impact,Iconic Park,16/08/2018,16/08/2018,1126
Filming - Low Impact,Iconic Park,22/08/2018,22/08/2018,1127
Filming - Low Impact,Major Street,17/08/2018,17/08/2018,1128
Filming - Low Impact,Iconic Park,20/08/2018,20/08/2018,1129
Filming - Low Impact,Major Street,18/08/2018,18/08/2018,1130
Filming - Low Impact,Suburb,17/08/2018,17/08/2018,1131
Filming - Low Impact,Major Street,23/08/2018,23/08/2018,1132
Filming - Low Impact,Iconic Park,18/08/2018,18/08/2018,1133
Filming - Low Impact,Iconic Park,23/08/2018,23/08/2018,1134
Filming - Low Impact,Suburb,31/08/2018,31/08/2018,1135
Filming - Low Impact,Civic Space Outdoor,27/08/2018,27/08/2018,1136
Filming - Low Impact,Suburb,30/08/2018,30/08/2018,1137
Filming - Low Impact,Civic Space Outdoor,3/09/2018,3/09/2018,1138
Filming - Low Impact,Civic Space Outdoor,9/09/2018,9/09/2018,1139
Filming - Low Impact,Iconic Park,19/09/2018,21/09/2018,1140
Filming - Low Impact,Minor Street,15/09/2018,16/09/2018,1141
Filming - Low Impact,Major Street,12/09/2018,12/09/2018,1142
Filming - Low Impact,Iconic Park,13/09/2018,13/09/2018,1143
Filming - Low Impact,Iconic Park,12/09/2018,12/09/2018,1144
Filming - Low Impact,Suburb,17/09/2018,20/09/2018,1145
Filming - Low Impact,Suburb,17/09/2018,17/09/2018,1146
Filming - Low Impact,Major Street,18/09/2018,18/09/2018,1147
Filming - Low Impact,Suburb,23/10/2018,23/10/2018,1148
Filming - Low Impact,Major Street,20/09/2018,22/09/2018,1149
Filming - Low Impact,Suburb,2/10/2018,2/10/2018,1150
Filming - Low Impact,Iconic Park,20/09/2018,21/09/2018,1151
Filming - Low Impact,Iconic Park,22/09/2018,22/09/2018,1152
Filming - Low Impact,Suburb,26/09/2018,27/09/2018,1153
Filming - Low Impact,Iconic Park,5/10/2018,5/10/2018,1154
Filming - Low Impact,Civic Space Outdoor,23/09/2018,23/09/2018,1155
Filming - Low Impact,Neighbourhood Park,8/10/2018,8/10/2018,1156
Filming - Low Impact,Iconic Park,3/10/2018,3/10/2018,1157
Filming - Low Impact,Iconic Park,19/10/2018,19/10/2018,1158
Filming - Low Impact,Major Street,12/10/2018,13/10/2018,1159
Filming - Low Impact,Suburb,17/10/2018,18/10/2018,1160
Filming - Low Impact,Suburb,15/10/2018,15/10/2018,1161
Filming - Low Impact,Major Street,19/10/2018,19/10/2018,1162
Filming - Low Impact,Iconic Park,18/10/2018,18/10/2018,1163
Filming - Low Impact,Major Street,19/10/2018,19/10/2018,1164
Filming - Medium Impact,Civic Space Outdoor,23/10/2016,23/10/2016,1165
Filming - Medium Impact,Major Street,20/10/2016,20/10/2016,1166
Filming - Medium Impact,Suburb,20/10/2016,24/10/2016,1167
Filming - Medium Impact,Major Street,31/10/2016,31/10/2016,1168
Filming - Medium Impact,Suburb,29/10/2016,29/10/2016,1169
Filming - Medium Impact,Suburb,2/11/2016,3/11/2016,1170
Filming - Medium Impact,Iconic Park,3/11/2016,3/11/2016,1171
Filming - Medium Impact,Suburb,4/11/2016,4/11/2016,1172
Filming - Medium Impact,Suburb,10/11/2016,10/11/2016,1173
Filming - Medium Impact,Suburb,7/11/2016,7/11/2016,1174
Filming - Medium Impact,Neighbourhood Park,9/11/2016,9/11/2016,1175
Filming - Medium Impact,Suburb,9/11/2016,10/11/2016,1176
Filming - Medium Impact,Suburb,11/11/2016,11/11/2016,1177
Filming - Medium Impact,Suburb,14/11/2016,17/11/2016,1178
Filming - Medium Impact,Iconic Park,10/11/2016,14/11/2016,1179
Filming - Medium Impact,Suburb,10/11/2016,10/11/2016,1180
Filming - Medium Impact,Level A Sportsfield,7/11/2016,7/11/2016,1181
Filming - Medium Impact,Minor Street,24/11/2016,30/11/2016,1182
Filming - Medium Impact,Suburb,25/11/2016,25/11/2016,1183
Filming - Medium Impact,Level A Sportsfield,29/11/2016,29/11/2016,1184
Filming - Medium Impact,Suburb,1/12/2016,1/12/2016,1185
Filming - Medium Impact,Suburb,13/12/2016,15/12/2016,1186
Filming - Medium Impact,Iconic Park,14/12/2016,14/12/2016,1187
Filming - Medium Impact,Iconic Park,19/12/2016,19/12/2016,1188
Filming - Medium Impact,Suburb,5/01/2017,7/01/2017,1189
Filming - Medium Impact,Minor Street,13/01/2017,15/01/2017,1190
Filming - Medium Impact,Minor Street,14/01/2017,15/01/2017,1191
Filming - Medium Impact,Suburb,18/01/2017,18/01/2017,1192
Filming - Medium Impact,Civic Space Outdoor,16/06/2017,16/06/2017,1193
Filming - Medium Impact,Suburb,24/01/2017,24/01/2017,1194
Filming - Medium Impact,Suburb,30/01/2017,30/01/2017,1195
Filming - Medium Impact,Suburb,1/02/2017,1/02/2017,1196
Filming - Medium Impact,Suburb,10/02/2017,10/02/2017,1197
Filming - Medium Impact,Suburb,9/02/2017,11/02/2017,1198
Filming - Medium Impact,Suburb,13/02/2017,13/02/2017,1199
Filming - Medium Impact,Suburb,11/02/2017,12/02/2017,1200
Filming - Medium Impact,Iconic Park,16/08/2017,16/08/2017,1201
Filming - Medium Impact,Suburb,21/08/2017,21/08/2017,1202
Filming - Medium Impact,Iconic Park,24/08/2017,26/08/2017,1203
Filming - Medium Impact,Suburb,9/10/2017,9/10/2017,1204
Filming - Medium Impact,Suburb,21/09/2017,21/09/2017,1205
Filming - Medium Impact,Suburb,26/09/2017,26/09/2017,1206
Filming - Medium Impact,Civic Space Outdoor,7/10/2017,7/10/2017,1207
Filming - Medium Impact,Iconic Park,7/10/2017,7/10/2017,1208
Filming - Medium Impact,Suburb,12/10/2017,13/10/2017,1209
Filming - Medium Impact,Suburb,18/10/2017,18/10/2017,1210
Filming - Medium Impact,Suburb,16/10/2017,17/10/2017,1211
Filming - Medium Impact,Suburb,18/10/2017,20/10/2017,1212
Filming - Medium Impact,Suburb,2/11/2017,17/11/2017,1213
Filming - Medium Impact,Iconic Park,16/11/2017,17/11/2017,1214
Filming - Medium Impact,Suburb,18/11/2017,18/11/2017,1215
Filming - Medium Impact,Suburb,21/11/2017,23/11/2017,1216
Filming - Medium Impact,Level A Sportsfield,21/11/2017,21/11/2017,1217
Filming - Medium Impact,Suburb,27/11/2017,27/11/2017,1218
Filming - Medium Impact,Minor Street,3/12/2017,5/12/2017,1219
Filming - Medium Impact,Suburb,9/12/2017,9/12/2017,1220
Filming - Medium Impact,Major Street,18/12/2017,18/12/2017,1221
Filming - Medium Impact,Major Street,13/12/2017,13/12/2017,1222
Filming - Medium Impact,Iconic Park,18/01/2018,18/01/2018,1223
Filming - Medium Impact,Iconic Park,19/01/2018,19/01/2018,1224
Filming - Medium Impact,Minor Street,28/01/2018,28/01/2018,1225
Filming - Medium Impact,Major Street,7/02/2018,7/02/2018,1226
Filming - Medium Impact,Suburb,9/02/2018,9/02/2018,1227
Filming - Medium Impact,Major Street,14/02/2018,17/02/2018,1228
Filming - Medium Impact,Iconic Park,20/02/2018,20/02/2018,1229
Filming - Medium Impact,Suburb,21/02/2018,21/02/2018,1230
Filming - Medium Impact,Minor Street,26/02/2018,26/02/2018,1231
Filming - Medium Impact,Minor Street,3/03/2018,3/03/2018,1232
Filming - Medium Impact,Suburb,12/03/2018,12/03/2018,1233
Filming - Medium Impact,Suburb,9/04/2018,9/04/2018,1234
Filming - Medium Impact,Iconic Park,24/03/2018,24/03/2018,1235
Filming - Medium Impact,Suburb,7/04/2018,7/04/2018,1236
Filming - Medium Impact,Suburb,5/04/2018,5/04/2018,1237
Filming - Medium Impact,Civic Space Outdoor,12/06/2018,12/06/2018,1238
Photography,Iconic Park,11/12/2017,11/12/2017,1239
Filming - Medium Impact,Minor Street,17/06/2018,18/06/2018,1240
Filming - Medium Impact,Minor Street,2/05/2018,2/05/2018,1241
Filming - Medium Impact,Minor Street,6/05/2018,7/05/2018,1242
Filming - Medium Impact,Civic Space Outdoor,28/05/2018,28/05/2018,1243
Filming - Medium Impact,Iconic Park,8/06/2018,8/06/2018,1244
Filming - Medium Impact,Minor Street,13/06/2018,13/06/2018,1245
Filming - Medium Impact,Iconic Park,11/06/2018,11/06/2018,1246
Filming - Medium Impact,Iconic Park,13/06/2018,15/06/2018,1247
Filming - Medium Impact,Major Street,19/06/2018,19/06/2018,1248
Photography,Suburb,8/12/2017,8/12/2017,1249
Filming - Medium Impact,Civic Space Outdoor,17/02/2017,17/02/2017,1250
Filming - Medium Impact,Iconic Park,15/06/2018,15/06/2018,1251
Photography,Suburb,11/12/2017,11/12/2017,1252
Filming - Medium Impact,Suburb,26/06/2018,26/06/2018,1253
Filming - Medium Impact,Suburb,14/02/2017,15/02/2017,1254
Photography,Major Street,12/12/2017,12/12/2017,1255
Filming - Medium Impact,Suburb,28/11/2018,1/12/2018,1256
Photography,Suburb,25/05/2016,27/05/2016,1257
Photography,Suburb,15/03/2017,15/03/2017,1258
Filming - Medium Impact,Major Street,25/06/2018,26/06/2018,1259
Photography,Suburb,28/03/2017,28/03/2017,1260
Photography,Major Street,11/12/2017,11/12/2017,1261
Photography,Iconic Park,19/08/2016,19/08/2016,1262
Filming - Medium Impact,Suburb,4/12/2018,4/12/2018,1263
Filming - Medium Impact,Suburb,20/02/2017,20/02/2017,1264
Photography,Iconic Park,2/09/2016,2/09/2016,1265
Photography,Suburb,29/03/2017,29/03/2017,1266
Photography,Major Street,5/01/2018,5/01/2018,1267
Filming - Medium Impact,Suburb,16/07/2018,20/07/2018,1268
Filming - Medium Impact,Major Street,30/06/2018,30/06/2018,1269
Photography,Iconic Park,27/04/2017,27/04/2017,1270
Photography,Iconic Park,30/08/2016,31/08/2016,1271
Filming - Medium Impact,Major Street,4/12/2018,4/12/2018,1272
Filming - Medium Impact,Iconic Park,26/06/2018,27/06/2018,1273
Photography,Level A Sportsfield,20/12/2017,20/12/2017,1274
Filming - Medium Impact,Minor Street,26/02/2017,5/03/2017,1275
Photography,Suburb,7/04/2017,10/04/2017,1276
Photography,,29/08/2016,29/08/2016,1277
Filming - Medium Impact,Iconic Park,3/12/2018,5/12/2018,1278
Filming - Medium Impact,Major Street,4/07/2018,5/07/2018,1279
Photography,Iconic Park,20/12/2017,21/12/2017,1280
Filming - Medium Impact,Major Street,10/04/2017,10/04/2017,1281
Photography,Major Street,12/04/2017,12/04/2017,1282
Photography,Suburb,28/09/2016,29/09/2016,1283
Filming - Medium Impact,Suburb,6/12/2018,7/12/2018,1284
Filming - Medium Impact,Suburb,6/07/2018,6/07/2018,1285
Photography,Major Street,22/12/2017,22/12/2017,1286
Filming - Medium Impact,Suburb,8/03/2017,8/03/2017,1287
Photography,Major Street,9/05/2017,9/05/2017,1288
Photography,Civic Space Outdoor,9/10/2016,9/10/2016,1289
Filming - Medium Impact,Suburb,5/12/2018,6/12/2018,1290
Filming - Medium Impact,Minor Street,9/07/2018,11/07/2018,1291
Photography,Suburb,18/01/2018,18/01/2018,1292
Filming - Medium Impact,Major Street,9/03/2017,9/03/2017,1293
Photography,Suburb,8/05/2017,8/05/2017,1294
Photography,Suburb,15/11/2016,16/11/2016,1295
Filming - Medium Impact,Major Street,11/12/2018,18/12/2018,1296
Filming - Medium Impact,Minor Street,14/07/2018,15/07/2018,1297
Photography,Suburb,19/01/2018,22/01/2018,1298
Filming - Medium Impact,Suburb,16/03/2017,16/03/2017,1299
Photography,Major Street,11/05/2017,11/05/2017,1300
Photography,Iconic Park,16/11/2016,16/11/2016,1301
Filming - Medium Impact,Suburb,10/12/2018,12/12/2018,1302
Filming - Medium Impact,Suburb,9/07/2018,9/07/2018,1303
Photography,Suburb,29/01/2018,29/01/2018,1304
Filming - Medium Impact,Suburb,15/03/2017,15/03/2017,1305
Photography,Neighbourhood Park,18/05/2017,18/05/2017,1306
Photography,Suburb,11/11/2016,11/11/2016,1307
Filming - Medium Impact,Suburb,11/12/2018,11/12/2018,1308
Filming - Medium Impact,Suburb,9/07/2018,9/07/2018,1309
Photography,Iconic Park,25/01/2018,25/01/2018,1310
Filming - Medium Impact,Suburb,16/03/2017,16/03/2017,1311
Photography,Suburb,30/05/2017,30/05/2017,1312
Photography,Suburb,16/11/2016,16/11/2016,1313
Filming - Medium Impact,Iconic Park,17/12/2018,18/12/2018,1314
Filming - Medium Impact,Major Street,14/07/2018,15/07/2018,1315
Photography,Suburb,31/01/2018,31/01/2018,1316
Filming - Medium Impact,Major Street,21/03/2017,21/03/2017,1317
Photography,Suburb,27/05/2017,27/05/2017,1318
Photography,Suburb,14/11/2016,15/11/2016,1319
Photography,Suburb,14/11/2016,14/11/2016,1320
Photography,Iconic Park,18/11/2016,18/11/2016,1321
Photography,Iconic Park,23/11/2016,23/11/2016,1322
Photography,Minor Street,29/11/2016,29/11/2016,1323
Photography,Iconic Park,29/11/2016,29/11/2016,1324
Photography,Iconic Park,6/12/2016,6/12/2016,1325
Photography,Minor Street,2/12/2016,2/12/2016,1326
Photography,Suburb,5/12/2016,6/12/2016,1327
Photography,Iconic Park,6/12/2016,6/12/2016,1328
Photography,Suburb,7/12/2016,9/12/2016,1329
Photography,Suburb,12/12/2016,12/12/2016,1330
Photography,Civic Space Outdoor,11/12/2016,11/12/2016,1331
Photography,Suburb,21/12/2016,21/12/2016,1332
Photography,Civic Space Outdoor,3/03/2017,3/03/2017,1333
Photography,Civic Space Outdoor,10/01/2017,10/01/2017,1334
Photography,Suburb,16/01/2017,16/01/2017,1335
Photography,Iconic Park,24/01/2017,24/01/2017,1336
Photography,Suburb,18/01/2017,18/01/2017,1337
Photography,Suburb,22/01/2017,22/01/2017,1338
Photography,Suburb,27/01/2017,27/01/2017,1339
Photography,Suburb,30/01/2017,31/01/2017,1340
Photography,Suburb,2/02/2017,2/02/2017,1341
Photography,Suburb,3/02/2017,3/02/2017,1342
Photography,Major Street,4/02/2017,4/02/2017,1343
Photography,Suburb,7/02/2017,11/02/2017,1344
Photography,Suburb,15/02/2017,15/02/2017,1345
Photography,Suburb,17/02/2017,17/02/2017,1346
Photography,Suburb,17/02/2017,17/02/2017,1347
Photography,Iconic Park,19/02/2017,19/02/2017,1348
Photography,Neighbourhood Park,20/02/2017,20/02/2017,1349
Photography,Iconic Park,21/02/2017,21/02/2017,1350
Photography,Major Street,22/02/2017,22/02/2017,1351
Photography,Suburb,3/03/2017,5/03/2017,1352
Photography,Iconic Park,4/03/2017,4/03/2017,1353
Photography,Major Street,8/03/2017,8/03/2017,1354
Photography,Suburb,7/03/2017,8/03/2017,1355
Photography,Suburb,10/03/2017,10/03/2017,1356
Photography,Civic Space Outdoor,7/03/2017,7/03/2017,1357
Photography,Suburb,1/02/2018,1/02/2018,1358
Photography,Major Street,2/02/2018,2/02/2018,1359
Photography,Iconic Park,13/02/2018,13/02/2018,1360
Photography,Suburb,15/02/2018,15/02/2018,1361
Photography,Major Street,22/02/2018,22/02/2018,1362
Photography,Civic Space Outdoor,8/03/2018,8/03/2018,1363
Photography,Major Street,4/03/2018,4/03/2018,1364
Photography,Iconic Park,1/03/2018,1/03/2018,1365
Photography,Suburb,14/03/2018,14/03/2018,1366
Photography,Iconic Park,28/03/2018,28/03/2018,1367
Photography,Civic Space Outdoor,26/03/2018,26/03/2018,1368
Photography,Suburb,11/04/2018,11/04/2018,1369
Photography,Suburb,23/04/2018,23/04/2018,1370
Photography,Iconic Park,6/04/2018,6/04/2018,1371
Photography,Iconic Park,12/04/2018,12/04/2018,1372
Photography,Iconic Park,16/04/2018,16/04/2018,1373
Photography,Iconic Park,19/04/2018,19/04/2018,1374
Photography,Iconic Park,12/04/2018,12/04/2018,1375
Photography,,18/04/2018,18/04/2018,1376
Photography,Major Street,26/04/2018,26/04/2018,1377
Photography,Iconic Park,24/04/2018,24/04/2018,1378
Photography,Suburb,23/04/2018,23/04/2018,1379
Photography,Suburb,23/04/2018,23/04/2018,1380
Photography,Iconic Park,6/05/2018,6/05/2018,1381
Photography,Major Street,23/05/2018,23/05/2018,1382
Photography,Suburb,15/05/2018,15/05/2018,1383
Photography,Suburb,26/05/2018,26/05/2018,1384
Photography,,18/05/2018,18/05/2018,1385
Photography,Suburb,9/06/2018,9/06/2018,1386
Photography,Major Street,28/05/2018,28/05/2018,1387
Photography,Civic Space Outdoor,4/06/2018,4/06/2018,1388
Photography,Suburb,21/06/2018,28/06/2018,1389
Photography,Suburb,20/06/2018,21/06/2018,1390
Photography,Suburb,25/06/2018,25/06/2018,1391
Photography,Iconic Park,22/06/2018,23/06/2018,1392
Photography,Iconic Park,6/07/2018,6/07/2018,1393
Filming - Medium Impact,Suburb,29/04/2019,29/04/2019,1394
Filming - Medium Impact,Major Street,5/01/2019,6/01/2019,1395
Filming - Medium Impact,Suburb,16/03/2017,16/03/2017,1396
Filming - Medium Impact,Suburb,12/07/2018,14/07/2018,1397
Photography,Civic Space Outdoor,28/05/2017,28/05/2017,1398
Photography,Civic Space Outdoor,30/05/2017,30/05/2017,1399
Photography,Civic Space Outdoor,31/05/2017,31/05/2017,1400
Photography,Suburb,5/06/2017,5/06/2017,1401
Photography,Suburb,5/06/2017,5/06/2017,1402
Photography,Iconic Park,31/05/2017,31/05/2017,1403
Photography,Suburb,12/06/2017,12/06/2017,1404
Photography,Suburb,11/06/2017,11/06/2017,1405
Photography,Suburb,22/06/2017,23/06/2017,1406
Photography,Suburb,30/06/2017,30/06/2017,1407
Photography,Civic Space Outdoor,28/06/2017,28/06/2017,1408
Photography,Iconic Park,17/07/2017,17/07/2017,1409
Photography,Minor Street,18/07/2017,18/07/2017,1410
Photography,Suburb,18/07/2017,18/07/2017,1411
Photography,Iconic Park,21/07/2017,21/07/2017,1412
Photography,Iconic Park,27/07/2017,27/07/2017,1413
Photography,Major Street,23/07/2017,23/07/2017,1414
Photography,Suburb,26/07/2017,26/07/2017,1415
Photography,Major Street,27/07/2017,27/07/2017,1416
Photography,Suburb,4/08/2017,4/08/2017,1417
Photography,Iconic Park,28/07/2017,28/07/2017,1418
Photography,Level A Sportsfield,2/08/2017,2/08/2017,1419
Photography,Suburb,5/08/2017,5/08/2017,1420
Photography,Suburb,10/08/2017,10/08/2017,1421
Photography,Suburb,14/08/2017,14/08/2017,1422
Photography,Minor Street,20/08/2017,20/08/2017,1423
Filming - Medium Impact,Suburb,1/08/2018,1/08/2018,1424
Photography,Neighbourhood Park,22/08/2017,22/08/2017,1425
Filming - Medium Impact,Major Street,11/01/2019,11/01/2019,1426
Filming - Medium Impact,Suburb,1/08/2018,3/08/2018,1427
Photography,Minor Street,28/08/2017,28/08/2017,1428
Filming - Medium Impact,Suburb,22/01/2019,5/02/2019,1429
Filming - Medium Impact,Minor Street,27/07/2018,28/07/2018,1430
Filming - Medium Impact,Iconic Park,29/03/2017,29/03/2017,1431
Photography,Suburb,20/09/2017,20/09/2017,1432
Filming - Medium Impact,Iconic Park,14/01/2019,14/01/2019,1433
Filming - Medium Impact,Major Street,3/08/2018,4/08/2018,1434
Filming - Medium Impact,Iconic Park,6/04/2017,6/04/2017,1435
Photography,Suburb,26/09/2017,26/09/2017,1436
Filming - Medium Impact,Minor Street,13/01/2019,13/01/2019,1437
Filming - Medium Impact,Suburb,7/08/2018,7/08/2018,1438
Filming - Medium Impact,Iconic Park,5/04/2017,5/04/2017,1439
Photography,Suburb,30/10/2017,31/10/2017,1440
Filming - Medium Impact,Civic Space Outdoor,17/01/2019,17/01/2019,1441
Filming - Medium Impact,Suburb,10/08/2018,10/08/2018,1442
Filming - Medium Impact,Suburb,7/04/2017,7/04/2017,1443
Photography,Iconic Park,18/10/2017,18/10/2017,1444
Filming - Medium Impact,Suburb,16/01/2019,16/01/2019,1445
Filming - Medium Impact,Suburb,15/08/2018,16/08/2018,1446
Filming - Medium Impact,Suburb,25/04/2017,25/04/2017,1447
Photography,Level A Sportsfield,20/10/2017,20/10/2017,1448
Filming - Medium Impact,Minor Street,20/01/2019,20/01/2019,1449
Filming - Medium Impact,Iconic Park,23/08/2018,23/08/2018,1450
Filming - Medium Impact,Civic Space Outdoor,4/04/2017,4/04/2017,1451
Photography,Iconic Park,10/11/2017,10/11/2017,1452
Filming - Medium Impact,Major Street,29/01/2019,29/01/2019,1453
Filming - Medium Impact,Iconic Park,22/08/2018,23/08/2018,1454
Filming - Medium Impact,Suburb,8/04/2017,9/04/2017,1455
Filming - Medium Impact,Suburb,7/04/2017,8/04/2017,1456
Filming - Medium Impact,Suburb,13/04/2017,13/04/2017,1457
Filming - Medium Impact,Civic Space Outdoor,12/04/2017,12/04/2017,1458
Filming - Medium Impact,Suburb,18/04/2017,19/04/2017,1459
Filming - Medium Impact,Suburb,26/04/2017,26/04/2017,1460
Filming - Medium Impact,Suburb,26/04/2017,10/05/2017,1461
Filming - Medium Impact,Suburb,26/04/2017,26/04/2017,1462
Filming - Medium Impact,Suburb,1/05/2017,1/05/2017,1463
Filming - Medium Impact,Suburb,10/05/2017,10/05/2017,1464
Filming - Medium Impact,Major Street,7/05/2017,8/05/2017,1465
Filming - Medium Impact,Suburb,5/05/2017,6/05/2017,1466
Filming - Medium Impact,Suburb,11/05/2017,11/05/2017,1467
Filming - Medium Impact,Suburb,9/05/2017,9/05/2017,1468
Filming - Medium Impact,Major Street,15/05/2017,15/05/2017,1469
Filming - Medium Impact,Iconic Park,23/05/2017,24/05/2017,1470
Filming - Medium Impact,Suburb,22/05/2017,26/05/2017,1471
Filming - Medium Impact,Suburb,16/05/2017,17/05/2017,1472
Filming - Medium Impact,Suburb,22/05/2017,22/05/2017,1473
Filming - Medium Impact,Suburb,23/05/2017,23/05/2017,1474
Filming - Medium Impact,Neighbourhood Park,14/06/2017,14/06/2017,1475
Filming - Medium Impact,Suburb,5/06/2017,5/06/2017,1476
Filming - Medium Impact,Suburb,6/06/2017,9/06/2017,1477
Filming - Medium Impact,Minor Street,13/06/2017,13/06/2017,1478
Filming - Medium Impact,Iconic Park,22/07/2017,22/07/2017,1479
Filming - Medium Impact,Suburb,14/06/2017,16/06/2017,1480
Filming - Medium Impact,Suburb,21/06/2017,21/06/2017,1481
Filming - Medium Impact,Suburb,19/06/2017,20/06/2017,1482
Filming - Medium Impact,Suburb,22/06/2017,23/06/2017,1483
Filming - Medium Impact,Suburb,10/07/2017,11/07/2017,1484
Filming - Medium Impact,Iconic Park,27/07/2017,27/07/2017,1485
Filming - Medium Impact,Suburb,9/08/2017,10/08/2017,1486
Filming - Medium Impact,Major Street,17/01/2019,17/01/2019,1487
Filming - Medium Impact,Suburb,30/01/2019,30/01/2019,1488
Filming - Medium Impact,Civic Space Outdoor,2/02/2019,2/02/2019,1489
Filming - Medium Impact,Suburb,29/08/2018,30/08/2018,1490
Filming - Medium Impact,Suburb,29/01/2019,3/02/2019,1491
Photography,Major Street,25/10/2017,25/10/2017,1492
Filming - Medium Impact,Minor Street,5/09/2018,6/09/2018,1493
Filming - Medium Impact,Major Street,4/02/2019,5/02/2019,1494
Photography,Civic Space Outdoor,7/11/2017,7/11/2017,1495
Filming - Medium Impact,Suburb,2/09/2018,3/09/2018,1496
Filming - Medium Impact,Suburb,11/02/2019,11/02/2019,1497
Photography,Civic Space Outdoor,8/11/2017,8/11/2017,1498
Filming - Medium Impact,Suburb,12/09/2018,13/09/2018,1499
Filming - Medium Impact,Suburb,6/02/2019,6/02/2019,1500
Photography,Iconic Park,14/11/2017,14/11/2017,1501
Filming - Medium Impact,Suburb,11/09/2018,12/09/2018,1502
Filming - Medium Impact,Suburb,7/02/2019,7/02/2019,1503
Filming - Medium Impact,Suburb,17/09/2018,19/09/2018,1504
Filming - Medium Impact,Major Street,9/02/2019,9/02/2019,1505
Filming - Medium Impact,Major Street,21/09/2018,22/09/2018,1506
Filming - Medium Impact,Minor Street,7/02/2019,8/02/2019,1507
Filming - Medium Impact,Minor Street,20/09/2018,21/09/2018,1508
Filming - Medium Impact,Suburb,20/02/2019,20/02/2019,1509
Filming - Medium Impact,Suburb,25/09/2018,26/09/2018,1510
Filming - Medium Impact,Major Street,25/02/2019,26/02/2019,1511
Filming - Medium Impact,Civic Space Outdoor,23/02/2019,23/02/2019,1512
Filming - Medium Impact,Minor Street,27/02/2019,28/02/2019,1513
Filming - Medium Impact,Suburb,25/02/2019,25/02/2019,1514
Filming - Medium Impact,Suburb,26/02/2019,27/02/2019,1515
Filming - Medium Impact,Minor Street,3/03/2019,5/03/2019,1516
Filming - Medium Impact,Iconic Park,28/02/2019,2/03/2019,1517
Filming - Medium Impact,Iconic Park,1/03/2019,1/03/2019,1518
Filming - Medium Impact,Suburb,8/03/2019,8/03/2019,1519
Filming - Medium Impact,Suburb,13/03/2019,14/03/2019,1520
Filming - Medium Impact,Suburb,22/03/2019,28/03/2019,1521
Filming - Medium Impact,Suburb,8/04/2019,8/04/2019,1522
Filming - Medium Impact,Suburb,8/04/2019,12/04/2019,1523
Filming - Medium Impact,Suburb,10/04/2019,10/04/2019,1524
Filming - Medium Impact,Suburb,18/04/2019,18/04/2019,1525
Filming - Medium Impact,Suburb,10/04/2019,10/04/2019,1526
Filming - Medium Impact,Suburb,11/04/2019,11/04/2019,1527
Filming - Medium Impact,Suburb,10/04/2019,10/04/2019,1528
Filming - Medium Impact,Suburb,11/04/2019,11/04/2019,1529
Filming - Medium Impact,Iconic Park,17/04/2019,17/04/2019,1530
Filming - Medium Impact,Civic Space Outdoor,3/10/2018,4/10/2018,1531
Filming - Medium Impact,Iconic Park,4/10/2018,4/10/2018,1532
Filming - Medium Impact,Minor Street,27/09/2018,27/09/2018,1533
Filming - Medium Impact,Neighbourhood Park,3/10/2018,4/10/2018,1534
Filming - Medium Impact,Suburb,11/10/2018,12/10/2018,1535
Filming - Medium Impact,Suburb,14/10/2018,15/10/2018,1536
Filming - Medium Impact,Major Street,14/10/2018,15/10/2018,1537
Filming - Medium Impact,Minor Street,15/10/2018,16/10/2018,1538
Filming - Medium Impact,Minor Street,1/11/2018,1/11/2018,1539
Filming - Medium Impact,Suburb,1/11/2018,16/11/2018,1540
Filming - Medium Impact,Suburb,1/11/2018,16/11/2018,1541
Filming - Medium Impact,Iconic Park,4/11/2018,9/11/2018,1542
Filming - Medium Impact,Suburb,7/11/2018,7/11/2018,1543
Filming - Medium Impact,Major Street,9/11/2018,9/11/2018,1544
Filming - Medium Impact,Major Street,6/11/2018,6/11/2018,1545
Filming - Medium Impact,Minor Street,19/11/2018,19/11/2018,1546
Filming - Medium Impact,Suburb,12/11/2018,12/11/2018,1547
Filming - Medium Impact,Suburb,19/11/2018,19/11/2018,1548
Filming - Medium Impact,Iconic Park,30/11/2018,30/11/2018,1549
Filming - Medium Impact,Suburb,28/11/2018,1/12/2018,1550
Filming - Medium Impact,Suburb,27/11/2018,27/11/2018,1551
Filming - Medium Impact,Suburb,1/05/2019,1/05/2019,1552
Filming - Medium Impact,Minor Street,30/04/2019,30/04/2019,1553
Filming - Medium Impact,Suburb,13/05/2019,15/05/2019,1554
Filming - Medium Impact,Suburb,8/05/2019,10/05/2019,1555
Filming - Medium Impact,Suburb,9/05/2019,10/05/2019,1556
Filming - Medium Impact,Suburb,12/05/2019,13/05/2019,1557
Filming - Medium Impact,Minor Street,10/05/2019,10/05/2019,1558
Filming - Medium Impact,Major Street,18/05/2019,18/05/2019,1559
Filming - Medium Impact,Suburb,20/05/2019,30/05/2019,1560
Filming - Medium Impact,Suburb,27/05/2019,27/05/2019,1561
Filming - Medium Impact,Suburb,22/05/2019,22/05/2019,1562
Filming - Medium Impact,Suburb,20/05/2019,24/05/2019,1563
Filming - Medium Impact,Suburb,3/06/2019,3/06/2019,1564
Filming - Medium Impact,Suburb,4/06/2019,4/06/2019,1565
Filming - Medium Impact,Major Street,1/06/2019,1/06/2019,1566
Filming - Medium Impact,Suburb,10/06/2019,10/06/2019,1567
Filming - Medium Impact,Suburb,11/06/2019,12/06/2019,1568
Filming - Medium Impact,Iconic Park,12/06/2019,12/06/2019,1569
Filming - Medium Impact,Suburb,13/06/2019,14/06/2019,1570
Filming - Medium Impact,Suburb,20/06/2019,21/06/2019,1571
Filming - Medium Impact,Suburb,25/06/2019,26/06/2019,1572
Filming - Medium Impact,Suburb,26/06/2019,26/06/2019,1573
Filming - Medium Impact,Suburb,24/06/2019,25/06/2019,1574
Photography,Iconic Park,29/07/2015,29/07/2015,1575
Photography,Suburb,21/07/2015,21/07/2015,1576
Photography,Neighbourhood Park,24/07/2015,24/07/2015,1577
Photography,Civic Space Outdoor,24/08/2015,25/08/2015,1578
Photography,Major Street,6/08/2015,6/08/2015,1579
Photography,Civic Space Outdoor,9/08/2015,9/08/2015,1580
Photography,Minor Street,23/08/2015,23/08/2015,1581
Photography,Level A Sportsfield,28/08/2015,28/08/2015,1582
Photography,Neighbourhood Park,1/09/2015,1/09/2015,1583
Photography,Major Street,3/09/2015,3/09/2015,1584
Photography,Iconic Park,9/09/2015,9/09/2015,1585
Photography,Iconic Park,10/09/2015,10/09/2015,1586
Photography,Suburb,17/09/2015,17/09/2015,1587
Photography,Suburb,24/09/2015,25/09/2015,1588
Photography,Iconic Park,13/10/2015,13/10/2015,1589
Photography,Iconic Park,10/11/2015,10/11/2015,1590
Photography,Civic Space Outdoor,19/11/2015,19/11/2015,1591
Photography,Civic Space Outdoor,10/03/2016,10/03/2016,1592
Photography,Iconic Park,16/03/2016,16/03/2016,1593
Photography,Iconic Park,16/03/2016,16/03/2016,1594
Photography,Suburb,24/03/2016,24/03/2016,1595
Photography,Iconic Park,28/04/2016,28/04/2016,1596
Photography,Suburb,3/05/2016,3/05/2016,1597
Photography,Iconic Park,5/05/2016,5/05/2016,1598
Photography,Suburb,5/05/2016,5/05/2016,1599
Photography,Suburb,6/05/2016,6/05/2016,1600
Photography,Iconic Park,2/07/2018,2/07/2018,1601
Photography,Suburb,19/09/2018,19/09/2018,1602
Photography,Suburb,27/07/2018,27/07/2018,1603
Photography,Iconic Park,12/09/2018,12/09/2018,1604
Photography,Suburb,8/11/2018,8/11/2018,1605
Photography,Suburb,10/12/2018,10/12/2018,1606
Photography,Suburb,12/12/2018,12/12/2018,1607
Photography,Suburb,6/12/2018,6/12/2018,1608
Photography,Suburb,12/12/2018,12/12/2018,1609
Photography,Civic Space Outdoor,8/01/2019,8/01/2019,1610
Photography,Civic Space Outdoor,20/02/2019,20/02/2019,1611
Photography,Minor Street,28/02/2019,28/02/2019,1612
Photography,Suburb,21/03/2019,21/03/2019,1613
Photography,Suburb,18/06/2019,18/06/2019,1614
